CLienTname,quantity,PriCe,date
acme PharmaceutIcaLs,659,189.92984367041777,2019-11-18
"FirST-AId GRApHIcS, lLc",259,211.43130301625285,2018-12-19
"lIgHTIng, INC.",389,219.45575352596205,2019-04-18
"SaFEtY firST, coRP.",374,212.02622937000592,2019-08-12
AcMe PHARMACeUtiCALs,248,217.40394857515378,2019-04-07
mEOw producTIOnS,958,194.37013687487473,2020-05-19
ACMe phaRmAceUTIcALs,772,189.68671369884774,2020-06-20
"SAfETY firsT, cOrP.",237,196.138967440622,2019-07-19
"sAFeTY FIrsT, cORP.",626,189.01416583984877,2019-08-30
"LiGHTINg, inC.",519,205.66542079805234,2020-01-21
Meow PRODuctionS,726,183.85163639958503,2019-03-02
"LIGHTiNG, iNC.",523,189.70020575581896,2019-08-14
"PANdA, lLc",979,183.07313951806083,2020-05-11
"LIghtINg, Inc.",292,182.00179225335026,2019-12-06
"saFetY FIRsT, cORp.",889,211.4066611809604,2020-03-25
ACMe PharmACEUticALs,605,208.59920389098644,2019-05-07
aCmE pHaRmaCeUTICalS,772,185.1378344664947,2019-09-12
"FIRst-Aid GrAPHiCs, LLc",782,185.4243314054566,2020-02-17
"fIrsT-aId grapHICS, LLc",545,206.70622493147354,2020-01-01
"lIGHTing, INC.",351,199.07943780028313,2019-03-30
aCmE PHARMaCeUTIcaLS,174,196.72985049327798,2020-03-27
"sAFETY FIRsT, CORP.",968,185.04838834202818,2019-03-06
"pANda, Llc",635,185.87902446013226,2019-11-09
"Panda, llc",313,215.96713437408212,2019-10-30
Meow pRoDuCTIOns,481,217.47703584873094,2019-04-28
"sAFEty fiRsT, COrp.",191,219.80661167285945,2019-03-02
ACmE PharMaceutIcALS,915,184.37343753818806,2020-04-11
mEOw ProducTIONs,649,196.35910966599906,2019-01-11
"lIGhtInG, InC.",981,209.13729280813558,2019-07-12
"LIgHTing, INc.",353,202.2335752969685,2020-02-05
"firSt-AiD GrAPhICs, lLC",163,213.38787381694016,2020-05-15
acME pHarMACeuTIcaLS,775,189.66653790969548,2019-03-01
"PAnDa, llc",624,214.67688321254766,2020-03-16
"LIGHTiNg, InC.",545,189.58200299867326,2020-05-21
"fIrST-Aid GraphiCS, lLc",230,186.3749948135338,2019-04-01
"panDA, llc",802,189.35294439173344,2019-02-21
"fiRST-aiD GrApHICs, LLC",378,207.10701310011973,2020-05-29
"SAFETY fiRST, cOrp.",624,197.5288503961299,2020-02-07
meow PRoduCtioNS,285,205.9699611106615,2020-03-23
"firST-AiD GrAPHIcs, LLC",976,209.32685785061295,2019-12-27
"sAFetY first, CoRP.",728,189.448764914397,2018-11-14
"firST-Aid GraPHICs, llc",385,199.3415859649046,2020-07-02
"firsT-AID GRaPhIcs, LLC",322,193.57377423188072,2019-12-05
"safeTy First, coRp.",495,180.66561687149164,2019-05-24
MeOW prOduCtIOns,527,217.25540022140353,2020-08-24
"ligHTiNG, inC.",123,197.91613710403462,2018-11-14
"SaFEtY fIRST, CorP.",434,185.92148319276885,2019-10-16
"PAndA, LLc",812,181.2755493337064,2019-01-08
"PAndA, lLc",800,186.2336427218751,2019-05-13
"FiRSt-AID grapHIcS, llC",149,190.22266967725193,2020-07-26
"LIghting, INc.",386,186.27691180117128,2019-07-02
"FiRst-aId GRAPhicS, lLC",711,190.98808360935035,2018-11-08
"LIghtIng, iNC.",133,197.5599058589031,2019-03-31
ACme pharMACEUTicals,777,208.43843992912093,2019-02-20
"fIrSt-AID GRAphics, llC",216,212.74988528649007,2019-09-07
"PanDa, lLc",114,191.3923390308419,2019-07-14
"LIGhTINg, inC.",574,185.8547540906998,2020-07-18
meow PRODucTionS,485,210.94494485228265,2019-11-29
MEOW prODUcTIonS,153,210.84485963649445,2019-01-20
"FIRsT-aId gRAPhicS, llc",980,217.10558498177403,2018-12-30
"sAfETy FIRST, COrP.",871,200.6853360650311,2019-03-26
"LiGhTIng, INc.",702,190.5880375219082,2020-01-11
MeoW PRoDUctIONs,679,218.58626178058773,2020-05-22
"PanDA, LLC",835,198.30150904437087,2020-03-24
"FiRSt-AId gRAPhICS, LLc",173,207.5685891265673,2020-03-20
"sAfetY FIrSt, cORp.",993,206.39598786788736,2019-01-09
"PAnda, llC",411,189.36061088950427,2020-03-07
"safETy FIRST, corP.",644,186.3396525524411,2019-10-24
"liGHTInG, INc.",563,206.69189225653034,2019-10-13
"sAFeTy fiRSt, cOrp.",709,198.79501138908512,2020-08-12
"PAndA, llC",745,197.9578022451202,2019-02-05
"SafeTY fIrSt, CORP.",379,209.1333669577651,2019-02-13
"FIRsT-aiD gRAPhiCS, LLc",775,201.54105249684662,2018-12-18
"paNdA, lLC",105,203.59029035484673,2020-05-11
"ligHtINg, iNC.",522,206.26911929198496,2018-11-30
mEoW prOdUCTions,111,204.28495540433346,2018-11-11
"pANda, lLC",324,209.79856800189037,2019-12-30
"sAFeTY fIrst, CorP.",257,215.35762123590462,2018-11-02
"LiGhtinG, INC.",846,184.4042566547514,2019-11-30
"LIghTING, INc.",271,213.33278568032514,2019-12-16
meoW pROductiOns,367,210.25925635717118,2019-11-11
Meow pRoductiONS,619,187.0955972304848,2020-05-28
"FIrSt-AId GrAPhiCs, LLc",835,199.86238437465627,2019-06-14
AcMe phARmaceUtICalS,425,201.57349946190894,2020-02-02
"pAnda, LlC",510,215.50990171685913,2019-07-11
"sAFETy FiRST, cORP.",660,182.26307284261682,2019-07-13
acMe PhaRmACeuticaLs,106,189.31847920040352,2019-10-02
"safEtY FIRsT, cORp.",193,198.48422247933206,2019-01-29
acME pharmAceutICaLs,909,206.99801739258828,2020-02-10
MEOw prODucTIOns,872,194.96204216129266,2020-02-23
"PAnDA, LLC",599,195.51667912733933,2020-08-15
MeoW PRODuCtions,719,217.56340811737667,2019-12-29
"PaNdA, LLC",974,195.15222209245664,2020-03-24
"firsT-Aid GrApHIcs, LLC",895,219.5408496089886,2019-11-21
mEow PRodUCTIONS,811,182.95560846853706,2019-08-04
ACMe PHARMACEUtiCAlS,666,195.12875929766568,2020-07-04
"LIGHtIng, Inc.",789,214.25469514907547,2018-12-09
"pANda, LlC",829,219.68692732799747,2018-12-16
AcMe pharMACEuTIcaLS,925,191.9075494241954,2018-12-22
"LIGhtiNg, iNC.",368,194.0893904763631,2020-03-09
meOW PRoduCTIONs,843,195.50945808787398,2020-02-26
"SAFety FiRst, coRp.",441,185.73985928684408,2019-01-29
"LIGhtiNg, inc.",372,206.55389705697726,2019-04-28
acME PHArmACeUticaLs,889,202.09676443124596,2019-10-12
"PANDa, Llc",245,208.14827648277085,2020-07-26
mEoW pRODUCtIOnS,986,219.59047973350619,2019-07-14
Meow prOdUcTiOnS,443,211.33203095516208,2019-10-21
"safetY FIRST, CoRP.",887,196.3279097710576,2019-03-24
"FIrst-aID GRAphIcS, LlC",402,207.82649965366642,2019-04-18
MEOw PRODucTiONS,153,195.4393603637369,2020-05-20
acME PHaRMAceUTIcAls,490,193.4620923600442,2019-12-12
"SaFEty FirsT, COrp.",595,216.32921237217343,2019-03-13
MeoW PRODUCTions,658,213.49915685136418,2018-11-09
"LighTING, inc.",279,203.58709486264317,2019-02-08
"SafeTY FIrsT, coRP.",259,202.77434510277035,2020-08-06
"panDA, lLc",323,192.6156645670987,2019-09-13
mEOw pRoducTIOns,718,208.02137245956652,2018-11-08
"PaNdA, LLc",681,207.89960759334218,2019-05-29
"SafetY fIrsT, CORP.",596,198.74379403433974,2019-03-06
"safETy FirST, cOrP.",498,186.32214499841655,2020-05-18
"fIRST-aId gRAPHiCs, LlC",724,184.92999898988012,2019-01-28
"fIrst-AId GRapHicS, lLC",335,192.57548762341855,2018-12-25
AcMe PhARmAceUtIcAls,396,207.0057461837005,2019-10-31
"PANda, llC",174,194.72057796797552,2018-12-18
"safeTY firST, Corp.",630,207.74151478565003,2020-01-27
"paNDa, LlC",346,212.8842741092169,2019-08-29
"safeTy FIRst, COrp.",998,202.00093810741424,2020-05-23
"fIRST-AID grApHICs, lLc",928,202.76969495955714,2019-03-02
"sAFEtY FirSt, corp.",250,201.10063109649357,2020-03-16
"SafETY FIrst, cOrP.",476,203.2819479451187,2020-03-18
"LiGHTInG, InC.",101,195.8060704805306,2019-05-05
"lIghting, iNC.",361,181.57722078055525,2020-02-22
"SAfeTY FiRSt, corP.",969,208.83797612883237,2019-06-03
"SAfeTY fIRSt, CORP.",535,211.31412069145804,2020-01-18
"lightiNG, iNc.",675,191.50900032122078,2019-07-15
"pANdA, llC",477,211.7075863446213,2019-07-27
mEoW prodUcTions,474,210.69532140112705,2019-05-12
aCMe pHARmACEuTIcals,663,201.21694051285263,2019-01-10
AcmE PhARMaCEuticaLS,883,191.86448362222987,2019-07-14
"fIrSt-aiD gRaphICS, LLc",250,189.92467426019797,2020-04-05
"ligHting, INC.",799,209.89290179359926,2019-07-27
"safety first, coRp.",330,211.00289976360875,2019-09-30
"LIgHTING, inc.",607,191.7555867274086,2020-04-06
aCme PHArMAcEUtICAls,878,215.01913755934575,2019-05-13
"LightinG, inc.",427,186.12257147981614,2019-09-15
acME phArmacEUticalS,565,180.9774067207447,2019-07-28
"FIRsT-aID GRaphics, lLc",931,192.7765809627764,2019-03-12
"paNDa, llC",536,184.1431444508473,2020-06-29
"pAnDa, llc",990,200.65106941864275,2020-04-19
"lIghtiNg, inc.",455,200.59043428684794,2020-05-24
meow PrOdUctionS,605,188.4149257812035,2020-02-20
"FirSt-AiD GRAphiCs, llC",370,182.6572650714351,2019-02-25
acME PHArmAceutIcAls,228,189.01025129816546,2019-07-30
"PANda, lLC",367,180.34715546359084,2020-03-27
"SAfETY fiRst, cOrP.",968,200.77863927850177,2020-05-14
mEOW prODUcTIons,395,208.39240896823492,2019-11-25
"LiGhTinG, InC.",154,197.757067939545,2019-01-09
"firST-aiD GraPHIcs, LLc",147,197.4926154576978,2019-11-21
meOW PrOdUcTioNS,985,185.45517736738344,2019-09-26
"pAnDA, Llc",649,191.81872843093555,2020-06-20
"sAfeTY FirsT, COrp.",610,215.47306251927296,2019-06-28
"lIGHtinG, iNc.",820,196.48034473968264,2018-12-31
meOw PRoDuCtIOnS,773,207.0327648397637,2019-09-05
"liGhTInG, InC.",175,182.27343593226254,2019-04-30
"LigHTinG, Inc.",705,181.25405558010985,2019-01-31
"LIgHTinG, inc.",749,198.89926074390098,2019-05-02
MeOw prODUCtIOns,642,211.6380782929235,2019-04-28
"lIghtInG, Inc.",845,201.71801617595406,2020-03-19
meoW PROducTIOnS,398,182.4370562049665,2020-02-28
"LIghTiNg, iNC.",981,198.1992387194066,2019-12-19
"liGHTinG, INc.",584,187.70884328270867,2018-11-23
"first-AID gRaPhiCS, llc",910,186.25579142676517,2020-06-24
"first-AID GRaPhICS, llC",828,182.1188276804692,2018-11-08
"PaNda, LLC",405,185.64649813953957,2019-03-26
"ligHtING, InC.",943,217.99932000928752,2018-11-07
"paNda, LlC",596,202.90480948264042,2019-09-05
ACme PHarMAcEuTICALS,616,188.95546514094934,2019-05-27
meoW pROduCTIONS,965,196.62026660357938,2020-07-03
ACMe phARMaceutiCaLs,571,187.1511177868618,2020-06-18
"PanDa, lLC",495,200.29474177624286,2020-05-18
ACme pHaRMAcEuTIcalS,519,205.4138222118359,2020-07-30
"lightinG, InC.",728,190.30036619289336,2019-10-23
"liGhTIng, inC.",855,199.44031296080868,2019-05-23
AcmE PHarmAceutICaLs,322,182.52108451805148,2018-11-11
"fIRST-Aid gRAPHIcS, lLC",338,180.02415848097587,2020-02-16
"LIGhtING, iNc.",390,217.22755984683897,2020-08-21
AcmE pHarmaCeUtiCalS,481,183.2881387744374,2020-07-23
MeOW pROdUCtIonS,997,217.7688801597423,2020-07-12
MeOW pROductIoNS,261,191.59963508871405,2019-10-14
"FiRsT-Aid gRaPhiCs, lLC",723,180.49177879554432,2019-02-27
"saFEtY FirST, cOrP.",399,218.77666449869696,2019-06-21
"fiRSt-aid GRApHiCS, llC",150,202.05432295293014,2018-12-21
"PAnDA, lLC",930,183.1587221990663,2020-02-25
"pAndA, llc",693,184.26296651621706,2019-04-29
"PAndA, LLc",926,190.45994453060445,2020-04-29
MeOW pRoDuctIONS,273,183.64078884550943,2019-10-11
"sAfEtY FirsT, CORP.",153,197.65323674172254,2018-11-03
mEow prODUctIoNS,338,180.72363356140977,2019-02-23
MeOw PROdUctiONS,690,194.19386544313707,2019-07-18
"pANDA, LlC",514,208.97246354610803,2020-05-15
MeOw prODucTIoNS,176,195.60992698491177,2018-12-12
AcmE phARmacEUtiCALs,755,198.34195524476445,2019-01-16
"fIrsT-aid GRApHiCS, LLc",924,198.3686602509017,2020-04-05
MeoW PRoDuCtioNs,397,208.5167712920832,2020-07-17
"FIRST-AiD graphiCS, LLc",807,207.63492046670032,2019-02-22
"pAndA, llC",157,185.55217531696152,2019-01-08
"liGHTiNg, iNC.",197,198.79299484953268,2020-05-22
AcMe pHarmaCEUTICaLS,792,214.1365409533688,2020-03-03
AcmE PhArmacEuTicALs,856,184.22423150741326,2018-12-25
"FirsT-AiD GRAPhiCS, llC",908,181.7235795711602,2019-07-20
AcMe pHArMaceuTicALs,484,197.08639213501007,2020-07-24
"fIrSt-aID gRAPhiCs, LlC",877,198.5200527460983,2020-07-24
"pAndA, llC",279,219.0131661673895,2019-09-03
"PAndA, LlC",736,199.98778407421057,2020-07-13
"fiRSt-AID GraphiCs, lLc",713,216.08921449924674,2020-06-06
"LIghTiNg, INc.",681,216.60311667399128,2020-08-11
"PANDa, LlC",368,191.55683070899985,2019-07-26
mEow productioNS,659,185.097604757747,2020-01-09
"FIRsT-AId GrAPHIcs, LlC",278,188.3289394420369,2019-07-16
meOW PRoDUCtIoNs,475,203.3065713473459,2019-11-02
acme PhArmaceuTIcAls,879,217.37736913737487,2020-04-03
"panDa, llc",429,218.0007594540127,2020-04-09
MeOW prodUctIONS,660,191.72187767476328,2018-12-01
mEow pROdUcTIoNS,660,203.93942710823757,2020-04-21
meow PrOducTiOnS,393,197.93200267649277,2019-01-04
MEOW PROduCTIoNS,211,183.59097070856546,2020-03-30
"pAndA, LlC",544,184.34369674006103,2019-03-23
ACMe PHArmaCEUTiCALs,317,207.8980452153993,2019-05-17
"pandA, LLc",107,190.44556206930062,2020-03-23
"PAndA, llc",451,216.0310943357438,2019-08-22
AcmE PhArmacEutIcals,599,188.81428201548206,2019-04-14
"lighTInG, InC.",187,189.85891717764298,2018-12-18
ACMe PharmaCeUTicalS,988,216.83204837340284,2018-12-31
"lIghtIng, inC.",942,189.08230967346364,2019-03-18
acME PhARMAcEUtIcALS,269,191.3958452832895,2020-08-19
"pANdA, llC",695,211.5389609450349,2019-09-30
aCme PhArMACeuticALS,308,191.8174128936475,2019-10-06
"safetY FIRsT, CORP.",247,181.30727841118872,2019-06-30
"liGHTing, iNc.",424,206.24878156941685,2020-05-12
"LIgHtinG, inC.",670,180.51757258930465,2019-10-30
"FIrst-AiD grapHICS, llC",136,189.95367917543982,2020-05-14
acmE pHaRmAcEuticaLS,226,213.01541811637546,2020-03-03
aCMe phArMaCeuTICAlS,431,184.10733440844467,2019-12-13
"LIghTinG, INc.",977,184.549767369665,2019-01-11
"safety fIrsT, Corp.",505,182.61782497160848,2020-04-16
"liGhting, iNc.",266,205.48675307379764,2019-05-28
acmE pHarmaceUticALs,423,204.63573300511587,2018-11-22
aCmE pHARMacEutiCALS,977,219.7214201853486,2019-04-03
meoW prOduCTIons,419,215.18202039137412,2019-10-12
"fIrSt-aId GrapHiCS, Llc",443,202.28810415283334,2019-05-11
"lIgHtinG, INC.",280,186.80275630576645,2020-07-31
"LIGhtING, inc.",352,210.2525116036719,2020-02-03
"fiRST-AId GRApHIcs, LlC",189,212.60398206598728,2020-07-08
meOW pRoduCtIONs,539,190.87075494341605,2020-05-05
"PaNda, lLc",608,180.74554289781008,2020-05-21
Acme PhaRMacEUtIcALs,220,210.12680698006835,2018-11-27
mEoW proDUCTiOnS,110,190.68756997799218,2019-02-24
"pAndA, LLc",674,180.98989102785765,2019-06-02
"SafEty FIRST, CoRP.",249,207.44874219751517,2019-10-03
"fiRst-aiD GRAPhIcs, LLC",852,180.19536446490167,2020-03-31
ACME pHArmacEUTICaLs,652,205.84865392478238,2020-04-07
ACmE PhARMaCEUTicAls,548,214.57535684939583,2020-01-28
"saFety fIRst, CoRP.",105,203.22316004152853,2019-04-20
meoW PRODUCtIoNs,828,211.84588098264382,2020-07-29
ACmE PharMaceUtICALs,657,210.40778909047154,2019-05-23
"SafETy firsT, CORP.",771,204.17402761957888,2019-05-12
AcMe phArMaCeUtIcaLs,991,181.68403771546363,2020-02-21
meOw ProduCtIonS,425,190.72653057217465,2020-05-28
MeOW PRoducTIOnS,517,191.64946184482525,2019-01-23
mEow pRODUCTIOns,886,207.33256019793407,2019-06-25
"LIGHtINg, iNc.",404,209.46988989097943,2018-11-22
"firST-aiD GRapHics, LLc",443,219.00178094588168,2019-12-22
MeOW pRoDuctIoNs,903,208.4548038787421,2020-07-10
"pANda, llc",836,206.95509008442673,2019-02-03
"saFeTy FIRsT, CorP.",475,203.55648571164355,2020-01-30
"fiRst-AId GRaphiCS, LLC",603,214.88167847974944,2019-08-22
MEoW PRoDuCtIOnS,323,204.38175923890725,2019-10-27
Acme PHarMAceuTiCals,255,184.5967669017321,2019-10-11
"pAndA, LLc",925,186.36227892919152,2019-11-01
"LIGHtinG, INC.",401,201.2027248828287,2019-06-13
"fIrsT-AID GraPHics, LLC",172,200.93809286855617,2020-05-13
"PANDa, lLc",276,195.82152756944575,2018-12-21
"lIgHtING, Inc.",917,203.62406422756158,2019-08-10
MeOW pROduCTionS,673,206.81545497524468,2019-06-23
"pAnda, lLC",690,201.0648133112456,2019-06-13
"first-aId grAPHIcs, LLc",990,180.17458133211804,2019-04-10
"firSt-aId GRaPHiCS, LlC",608,192.1771712342454,2019-11-04
AcmE pHArMaCeuTiCalS,577,184.97887549115367,2020-02-23
"panDA, llc",368,197.03166894787643,2020-07-22
"PaNDA, llC",515,180.61268014313603,2019-10-13
"FIRST-Aid GRAPHics, LLC",164,186.9495050748355,2019-10-26
AcmE PHArMacEutIcALs,864,200.6228723215209,2019-12-17
"FirsT-AID GrAPHICs, LlC",780,198.0862458511739,2020-08-12
aCme PhArmacEUtiCAlS,114,190.85578793972564,2018-12-19
"lIghTing, INC.",606,209.2552968700299,2019-07-07
aCMe phaRmAcEUTicalS,155,187.64419766061906,2020-08-18
aCME PharmaceUtiCAlS,891,195.35074881140253,2019-03-10
"PaNDA, lLC",838,214.87370958071375,2020-04-17
"SafEty FIRsT, COrp.",503,186.0336698813768,2019-11-15
"fiRSt-aid grAPhICS, Llc",902,209.92908435834013,2020-05-05
ACMe phARmaCeuticals,778,216.97316272989812,2019-01-27
aCMe phArmaceUTicaLs,724,211.47146188251014,2020-04-09
meoW ProduCtIONs,384,198.34223569015072,2019-11-27
"PaNda, lLc",118,190.66832309892126,2019-07-31
"pANda, llC",898,213.9159998655074,2018-11-04
MeOw PrODuctIoNs,240,217.98603115661507,2020-06-02
"PANdA, LLc",749,198.21556463932487,2018-12-09
"firSt-AId GRaPHICs, LLc",540,208.44834527207624,2019-10-09
"FIRSt-Aid GrAPhicS, llc",979,202.59803054760923,2019-07-23
acme phARmAcEUticaLS,868,216.211447501162,2020-04-05
"sAFetY FirST, CoRP.",815,208.53153824585365,2019-04-27
"PAndA, Llc",784,185.31724141536642,2018-12-23
"SAFeTY fIrST, CORP.",662,212.66256050212118,2019-07-03
"pAnDa, lLc",321,185.6041617060565,2019-06-21
MEoW pROdUCTIons,602,210.47063887411997,2020-08-23
"Panda, Llc",847,186.84499136314858,2019-01-02
MEow pRODuCtions,843,195.0356106792029,2019-01-31
Meow PRODuctIoNs,791,192.14707225198507,2019-01-16
"FiRST-AiD GRaPHIcS, Llc",947,204.4192937465875,2019-10-13
"paNDA, lLC",349,218.80724040152816,2020-04-26
"fiRst-Aid GraphiCS, LlC",747,202.00021230901635,2020-06-27
ACmE pHarmACeUtiCals,504,208.23006402390888,2019-11-21
"LigHtInG, iNC.",205,205.22860983932847,2020-08-14
"safeTy fIRSt, cORP.",559,218.9311314865749,2018-12-02
"FiRSt-Aid gRaPhics, LlC",709,206.3780532451126,2020-01-21
"fIrST-aID GraPHIcS, LlC",548,189.2874162455763,2019-11-17
"sAFeTy FIrST, CorP.",862,211.6379860390823,2019-10-11
"FiRst-AiD gRAphicS, LLc",608,189.96847324305452,2019-05-24
"LiGHtINg, iNC.",665,197.07077066546026,2020-05-29
"PaNda, lLc",126,202.02199743288082,2020-06-25
"FIRsT-aiD GraPhIcS, LLC",828,215.16392134374593,2019-02-27
acME PharMaceUtIcALs,494,190.7073582463257,2019-05-19
"fIrSt-Aid GRAPHics, LlC",210,180.04030495965227,2019-09-22
"LIgHTINg, Inc.",553,186.9428849484941,2020-06-07
"lIGHtING, inc.",912,197.79419925377638,2019-11-09
"FIrST-AId gRapHiCs, lLC",366,192.08769413376191,2020-08-01
MeoW pROduCtIOnS,900,182.82882961032468,2019-08-07
"fiRST-aiD graPHICs, llc",729,215.9922327471295,2019-04-11
Meow pRoDUCtIOnS,818,215.83323570184007,2018-12-25
"LigHTIng, iNc.",207,210.16766143744223,2019-11-28
"sAFEty first, CoRp.",235,187.4807994028418,2019-01-31
"fIRst-aId GraPHics, llc",662,199.86405840588307,2019-10-14
"SafEty fIrSt, cORp.",769,184.82600311413577,2019-06-28
"FIRsT-Aid gRAPhICS, Llc",952,211.6681544894534,2019-02-04
"LIGhtiNG, Inc.",737,196.08900322357457,2020-07-11
meow PRoduCtIons,296,204.66104585807204,2019-12-26
"fiRsT-AId GRAphIcs, Llc",815,188.08607845509292,2020-07-11
acmE phArmacEUTICalS,512,217.3602658008408,2019-01-31
meOW proDucTIonS,468,204.30243696996286,2019-03-10
"first-aId gRAphICs, llc",853,208.0435075696023,2019-06-15
"sAfEty FIrST, corp.",714,209.4841901546862,2019-04-15
"lIghtInG, inC.",934,210.3780223448976,2019-02-05
meOW prODuctIONS,829,188.1522529567674,2020-07-04
"SAFEtY fiRST, cOrP.",902,206.78431134455997,2020-04-15
MeoW PRoDUctIONS,198,186.16197645212614,2019-08-07
mEoW PRoductiONs,945,219.53152805172968,2019-01-09
"lIGhtING, Inc.",735,191.9213834916635,2019-10-22
"SaFETY FIrST, cOrp.",904,182.17526501074187,2019-05-14
"ligHtINg, Inc.",599,203.75298900492285,2018-12-26
"sAFETY fIrSt, coRP.",118,210.05971992102027,2019-12-16
"PanDA, LLC",964,187.97528610766656,2019-06-17
"FIRSt-aId GraPHIcS, lLc",320,192.38535136359292,2019-09-24
"PANDA, lLC",301,208.75408053817193,2019-01-10
"LIgHtinG, iNC.",813,181.08959694571223,2019-04-12
"lIghTInG, inc.",547,205.17821837296168,2020-08-03
"fiRst-aId gRapHiCS, lLc",997,202.44295583616483,2018-12-03
"sAfEty FIrST, CoRP.",145,212.91983614780105,2019-11-04
"fiRSt-aiD gRaPhicS, LLc",511,204.42648323062426,2020-06-01
"LIgHtINg, INc.",111,183.90670576255613,2020-05-29
acME pHARMACeUTicAls,913,195.75508253731925,2019-02-08
AcME phArMACEUtiCalS,221,183.07755015431752,2018-12-22
ACmE phARMACeutiCAlS,913,185.27678365172076,2019-07-23
"PaNDA, llC",290,219.6698907586919,2020-08-21
"pAnDa, llC",250,207.69557410806962,2020-06-05
"pandA, Llc",249,195.29487558383923,2020-08-17
"SafEty FIrSt, coRP.",873,214.65853234777435,2020-02-22
"SAFEty FiRSt, Corp.",151,187.1135981639128,2019-09-28
"PAnDa, lLc",526,194.95118936605246,2019-02-28
"FIRsT-AiD graphicS, lLC",447,182.3808011020686,2020-03-27
acme phArMaCEutICals,558,219.48342888774224,2020-06-30
"firSt-AiD GRAphicS, llc",696,186.81169022387473,2018-11-19
"fIRsT-AiD GrAPhICs, lLC",815,194.16923574580903,2020-03-13
"firSt-Aid grApHiCS, lLc",853,212.81462342999706,2019-04-16
"PANda, Llc",724,205.42878668014825,2019-10-01
acmE pHaRMACEuTiCalS,566,204.38165067264705,2019-04-21
mEOW ProdUCtions,795,195.9790192095853,2019-04-11
"PAndA, LLC",752,182.11549710439797,2019-05-06
"pAnDA, llC",208,200.89281353529736,2020-04-15
"SAFEty FIrSt, cOrP.",557,213.935588612047,2018-12-25
"LiGHTiNG, iNC.",858,190.72542057397567,2019-05-28
"panDa, LLC",562,198.90202702072398,2019-03-25
"LIGHtING, INC.",914,183.21009576857435,2020-07-02
"pANda, LLc",455,215.4986618439229,2020-02-13
"sAFEty FiRSt, CORp.",228,195.2579385997702,2019-08-29
"safeTy firSt, corP.",500,207.8268728953276,2019-07-28
"liGhTiNg, iNC.",231,204.12719560845116,2019-03-20
"panDa, Llc",100,190.67837400597224,2018-11-16
MeOw pRoDUCTIONs,748,195.5920562163014,2020-08-20
mEoW ProDUcTIoNs,735,208.7676965000475,2019-07-11
"fIRST-Aid grAPHicS, Llc",886,182.84487462308286,2019-08-24
"FiRST-AId GRaPHIcS, llc",337,199.9078042821704,2019-11-06
acMe phaRMACEuTiCaLS,295,189.92686875618554,2020-06-02
"FIrSt-aiD graPHIcS, llc",658,200.8110880578334,2019-04-12
"SafEty FIrSt, CoRP.",415,217.35274782812485,2020-07-12
"SaFEty FiRST, CoRp.",159,181.71148848056654,2019-03-05
"PAnDA, Llc",592,195.52497773599111,2020-04-15
"fiRsT-AId GrAPHIcs, lLC",653,211.70656590932933,2020-01-07
acME PhaRmaceuticALs,514,190.67004414659073,2019-04-09
"fiRSt-aID grAPHiCs, lLC",101,210.8926575725451,2020-07-24
acme PhARMaceutIcALs,194,199.07870012239187,2019-06-06
MEow PROduCtIoNS,251,204.0162316769366,2019-04-27
Meow PrODUCtioNs,167,204.548229310263,2019-09-16
MeoW PRODUCtiOnS,273,183.3607216837152,2019-02-12
"lIGhtING, INC.",533,195.68255026958363,2020-01-12
MEow ProducTions,425,215.5329876122384,2020-05-08
ACme PhaRmaCEutiCaLS,301,195.57107233835646,2020-08-09
"SAFEtY firST, cOrp.",270,206.69071877352863,2019-06-16
"FIRst-AID grAPhIcS, llC",906,187.01150772647736,2020-03-04
"SaFEty FIrST, CoRP.",662,184.645652499317,2019-01-22
"FirST-AiD GrAPhics, lLC",304,207.12844919179454,2019-07-02
"fIrsT-aID GrAPHiCs, lLC",795,207.99128069817462,2019-10-25
aCmE phArmaCeUTicals,886,212.064067769449,2019-04-12
acme PHArmACeutiCaLs,606,215.0407916381015,2019-05-20
"PanDa, lLC",972,185.17994319108612,2019-06-07
"sAFeTY fIrST, CORp.",483,187.0424768047581,2018-11-19
"safEty fIRST, COrP.",996,198.5350723524509,2019-05-29
"SAFEty fiRST, cORP.",183,189.8117643393301,2020-02-03
"SafETY fIRST, COrP.",532,207.34785532218,2019-03-11
acMe pharmacEUTICalS,644,211.6257455930425,2019-01-08
"fIrsT-aiD GRAPhicS, llc",300,181.0596984303831,2019-02-15
AcMe PHArMACeutICaLs,448,194.3562119828945,2019-11-07
MeoW ProdUCtiONs,147,213.53937406824434,2019-05-30
"PAndA, LLc",367,197.00019245858786,2019-11-24
"PANdA, llC",928,208.61875794081507,2019-06-08
"FirSt-AID gRaPHicS, LLC",339,189.6521759458208,2019-04-11
"SAFety FIRsT, corP.",987,197.55920175543042,2019-11-02
aCmE pHARmaceUticals,765,209.6547040007091,2018-11-19
"first-aiD GrapHIcS, LlC",844,207.2106705714958,2019-11-07
"paNdA, LLC",979,181.2773986005072,2018-11-08
MeOw pRoDUctionS,187,209.21249975562847,2018-12-04
"safety First, CORP.",742,185.6922843483555,2019-05-24
"SAfEtY fiRSt, coRp.",824,185.86062999510014,2020-05-17
"PaNDa, LlC",683,188.91509251772612,2020-02-13
"SAFETY fIRsT, Corp.",228,203.61027642570772,2019-02-21
"lIGHtIng, InC.",919,207.04812706827695,2019-07-04
"LiGhTInG, inc.",259,207.99813446341076,2018-12-12
ACmE PhArMaCeUTIcaLS,637,190.87896264320213,2019-10-24
"LightIng, Inc.",178,211.65240424983253,2019-09-29
"safetY FIRsT, CoRP.",956,183.73662802065118,2020-02-20
ACMe PHarmacEuticAls,110,192.0601661239515,2020-07-03
"safEty firSt, CoRp.",846,184.8541826286642,2020-01-21
"PandA, LlC",254,208.42460661845604,2019-01-14
"fiRST-Aid GRapHIcS, lLC",726,211.47443573631443,2020-08-09
"PANDa, lLc",572,214.25583347676667,2019-01-28
"liGHTinG, INc.",502,205.49099296424853,2019-09-07
"fIrSt-AiD GraPHICS, llc",621,216.18379423824973,2020-07-17
"pAnDA, LlC",369,210.30583803411966,2020-03-24
"LIghtinG, InC.",864,206.58471431490818,2020-02-06
ACme phaRmAcEUticals,454,202.51027536722802,2019-11-09
"safetY firSt, COrP.",757,217.34959089327953,2019-07-16
"fIrst-AID GrAPhIcs, llc",582,219.5717905091054,2019-10-10
"sAFety fIrSt, CoRP.",959,190.87342982812513,2019-08-04
"FIRSt-aiD grAPhicS, llC",602,193.84619441686567,2019-04-12
"fiRSt-aiD GRApHIcs, lLc",479,194.8952292454179,2019-12-07
"paNda, llC",239,211.89248965247313,2019-06-16
"FIRST-AID GRApHiCs, Llc",509,200.82370702345833,2020-06-01
"SAfETy FIrST, cORP.",540,197.8808612972512,2019-05-28
"LighTiNg, iNC.",651,193.0564214151813,2019-03-10
"first-aID gRApHicS, LLC",664,183.50172951934,2019-06-17
"PAnDA, LLc",320,189.90317140073904,2020-02-17
"FirSt-aiD gRaPhiCS, llC",510,210.13607082678084,2018-12-30
"lIghTINg, inc.",519,207.4122020283567,2019-01-15
"FIRST-Aid GrApHIcS, llC",524,188.94320383723553,2019-03-28
"LiGhtiNG, InC.",298,199.41686051699736,2018-12-20
AcME phARMaceuTicAls,233,214.39308670111132,2019-11-18
meOW PRodUCTions,682,212.79923789291334,2019-10-11
"SAfety FirsT, coRp.",606,186.36190120976892,2020-07-20
meoW PrOdUCTiONS,106,201.5148550144422,2019-06-19
"LIGHting, inc.",945,182.40285189016416,2018-11-22
"PanDa, llC",358,191.49085707665657,2019-06-26
"LIGhTIng, iNc.",954,190.8489292646775,2020-04-07
ACMe phArmAcEuTIcaLS,469,195.58523379342168,2019-12-13
mEow PrOductIOns,996,191.93902252367866,2020-07-12
"sAFetY fiRst, CoRP.",208,190.08646462529978,2019-03-31
"safEty firsT, coRp.",691,203.0766254333688,2019-03-10
"FirST-AiD gRAPHIcs, LLc",640,191.77616488652382,2020-04-30
"fIrsT-AId GrApHicS, llc",662,215.94542119715288,2019-07-07
"firsT-AiD GRapHICs, Llc",344,210.73594859876712,2018-12-10
"fIRsT-aiD grAphIcS, llC",115,192.91025736612295,2018-11-06
ACmE pharmACeuTICalS,547,212.56858737256152,2020-07-14
"SaFETy FIrST, Corp.",472,182.95638630533884,2019-11-25
"pANDa, LLC",602,201.67506659774432,2019-12-23
MeOw ProdUCTiOnS,405,197.20951498674964,2019-06-07
aCME phARmaCEuTICals,524,196.64749358751283,2020-05-28
acME pHarMAceUTiCaLS,460,219.7433890956858,2019-11-25
"Lighting, INc.",359,198.7120938736004,2020-03-22
"PanDA, LLC",716,212.92112399970947,2020-01-31
mEOW pRoDUcTions,867,197.70037035194503,2020-08-10
"LightinG, INC.",821,180.37566417108428,2020-03-30
"PandA, llc",673,183.57688783664247,2019-05-15
acmE PHarmAcEUtIcalS,784,195.8652214431888,2019-09-09
"LIghtINg, Inc.",541,216.1836797796725,2019-09-30
"paNDA, LlC",475,182.86804107549423,2020-03-22
"SafEty FIRSt, Corp.",526,186.07897284582543,2019-12-09
"sAFeTY fIrSt, corp.",896,205.31190194862896,2020-01-13
MEOW pRODuCTions,487,200.49541452211074,2019-05-28
MeOw prOdUctIoNs,888,182.6136252056793,2020-02-07
ACme PhaRMACEUticAls,783,195.1212853277059,2019-06-17
"LIghTing, Inc.",402,202.29798828706316,2019-08-01
meow prODUCTiONs,369,215.93797585848353,2019-07-26
acME PhARMAcEUtiCaLS,830,189.05504983978057,2019-01-24
meow PrOducTioNs,142,216.4454293978484,2019-01-17
"pAndA, LLc",528,218.11754827602323,2020-02-04
"LiGHTing, inc.",596,190.9878028808176,2018-12-16
"saFEty FiRsT, cORP.",854,196.73122268330317,2019-09-17
"LighTINg, INc.",536,191.63395654947476,2019-02-25
"PanDa, llC",420,183.8835458129554,2019-10-13
"fIRST-aId GRAphIcs, llc",794,203.34381518076214,2019-01-11
"safety fIRST, coRP.",596,217.5874593362301,2020-01-08
"FirsT-aId GRapHiCS, lLc",499,191.32267373218076,2020-06-22
"paNDA, LLc",977,215.4642757809496,2019-05-04
acmE PHarMaCEUticals,859,208.2847231229858,2019-05-15
"FiRst-AID GRAPHICS, LLC",559,180.18362154625774,2020-06-17
aCME PhArmAcEUticaLS,130,216.87616761070657,2020-07-08
"PandA, llC",389,204.59922254915355,2020-07-24
"LiGHtiNG, iNc.",751,190.421986224615,2019-08-28
"fIRSt-AiD grAphICs, LLC",230,218.24836788841637,2020-06-23
"fIRST-aID graphicS, Llc",838,186.8862745287375,2020-01-25
"fIrsT-aID GRAPhiCS, LlC",991,184.44305495807566,2019-06-14
meOW pROdUCTIONs,890,190.11728832624408,2020-04-15
"LigHtING, Inc.",372,180.29043551604414,2019-03-31
"liGHTInG, InC.",779,202.94857610888195,2019-09-16
"SafeTy FIrsT, CORP.",720,185.85221189788754,2020-01-22
"lIgHTInG, iNc.",381,212.38495911529952,2020-06-26
Meow ProDUCTIONs,815,193.73306873574222,2019-04-29
"fIRsT-aId graPhIcs, LlC",614,197.82249747793057,2018-12-26
"SaFeTY FiRST, CoRP.",606,201.77335319905308,2019-08-07
aCME PhaRMaCEUTiCAlS,973,207.7512377370224,2020-03-25
mEow PRoduCTiOnS,923,199.7939269430623,2020-05-07
"PANDa, LLc",468,198.74820071801594,2019-09-04
acMe pHArmacEUTicAls,655,215.92832783575963,2020-06-13
"lIGHTiNg, iNc.",479,203.2836296094345,2019-12-28
"SAfEtY FiRSt, COrp.",377,189.78179929574742,2020-01-01
ACMe PhARMAceUtICaLS,139,217.10874421123142,2019-02-15
"lIghtiNG, InC.",862,192.62059261733108,2020-06-28
"fiRSt-AId GRaPHIcS, llc",957,209.18225721857678,2020-07-19
"SaFeTY fIrST, cORp.",206,215.23506203484584,2020-05-09
mEOW PrODucTIons,849,195.91344707311137,2020-06-30
mEOW PRODuctIonS,252,180.05654172547537,2019-03-14
"lighTinG, Inc.",871,216.29356052719703,2019-03-16
"sAFeTY FIrsT, COrP.",452,209.03704985618302,2019-12-30
"lIGHTing, iNC.",668,189.89121466341427,2019-02-01
aCME pharMACEutiCAls,892,197.22679535566664,2020-03-27
"LIGhtING, inc.",116,184.69426284079674,2019-08-12
ACme PhArMAceUtICalS,484,194.54004330176,2020-03-13
MeOw PRoDUctiOns,222,199.44673838823388,2020-04-09
mEOw prOduCTIOnS,135,216.1426476021731,2019-06-04
"lIGhtInG, INC.",225,214.55992316993257,2020-02-15
"pAnDA, lLc",917,208.56746999975272,2019-03-26
"lIgHTInG, inc.",433,195.82082850250669,2019-06-15
acmE PhaRmAceuTicAlS,393,190.9028492508806,2019-07-14
aCME phaRMACeUtICaLS,917,188.30974007144727,2020-03-18
"fiRst-aID gRaPHicS, llC",230,209.67653611844412,2020-07-01
meOW pRodUctIonS,661,196.51228119266003,2020-06-09
ACmE PHARMACEUticaLS,907,192.28395356851772,2018-11-24
"ligHtiNG, Inc.",804,198.39834124919986,2019-08-15
"fIRst-Aid GrAPhIcS, lLC",282,203.38189666700956,2020-02-26
"FiRST-Aid graphics, Llc",739,185.43440914582607,2019-08-12
"First-aid graPhICs, Llc",596,209.40882527133178,2019-04-19
"pAnda, LLc",176,180.99657024582228,2020-04-21
"FIRst-aid gRApHiCs, LlC",300,219.0146078110113,2019-05-19
MEoW prodUCTIONs,545,203.81764345249314,2019-05-26
"saFETy fIRST, corp.",100,188.3005284368677,2019-11-04
"lIghtInG, inc.",477,195.9660156396516,2019-02-27
"PaNDa, LlC",624,185.0541459187211,2018-11-17
"pAnda, llc",110,198.23395182698593,2019-10-16
"ligHtinG, INC.",901,190.70494732975698,2018-12-01
"LIgHTING, InC.",302,197.28562128089945,2019-11-14
"PANda, LlC",242,203.97101357375854,2019-07-29
"fiRST-aiD gRApHICS, lLC",524,196.74793135137813,2020-04-26
"ligHTINg, InC.",815,195.24328903519083,2019-11-30
mEow ProductionS,880,195.95047026304013,2018-12-08
aCMe PhArmACEuTicaLs,371,208.7370777223838,2019-12-16
"sAfETy FIRsT, coRp.",296,199.83353334055832,2020-02-20
"SAFeTY FirsT, cOrp.",805,191.76908569881465,2020-03-15
"SaFetY First, corp.",847,210.72922887664592,2020-01-01
Acme PhARMACeuticalS,879,197.69078078287885,2019-04-23
"pAnDa, LLC",491,216.50514676426903,2019-02-24
"lIgHtINg, InC.",844,191.64353838716198,2018-11-23
"safeTy fIRST, cORP.",802,219.63036853985435,2019-03-20
"sAFety FIrSt, corP.",596,202.36935672205516,2019-11-07
"pAnDA, lLC",224,182.41792913894824,2018-12-27
"safETy firST, coRp.",774,186.0064243835502,2019-11-01
ACmE phARMACeUTICaLS,991,198.70558715968178,2019-07-15
"safEty fIRst, coRP.",290,192.62191100388304,2020-01-17
MeOW pROdUctiONs,480,191.4043855567061,2020-07-15
"PaNDA, Llc",299,190.35608747424018,2019-09-01
mEOW PRoDUctioNs,822,182.6317962705456,2019-04-30
"pANda, lLC",923,201.8506955889531,2019-05-10
Acme PHaRmAcEUTICAlS,758,186.04312556525937,2018-12-18
"FIrST-AID GRAPhICS, LlC",141,204.9951833613807,2019-11-22
AcMe PhaRMaceUtIcaLs,797,184.37493650996717,2020-03-12
AcMe pHArmAceutICaLs,286,193.13385266928734,2020-07-22
"FiRSt-aId GRaPHics, lLC",932,217.5457985307065,2020-01-06
"sAfeTy FirST, cORP.",715,211.58364026392695,2019-10-05
"SAfeTY First, CoRp.",631,190.4985137759738,2019-02-27
"pANDA, LLC",485,202.77211860720618,2020-01-29
"SaFety First, COrP.",431,200.93020057337162,2019-10-03
"pANda, llc",923,201.5511632899955,2020-05-08
"liGHTING, InC.",493,196.28113967997305,2019-02-10
"fiRSt-aid graPHIcS, LLC",555,217.2906693316962,2020-02-25
acME pHArmaceUTIcAlS,566,180.28099088089093,2019-07-29
ACME PharmAceutICAlS,104,195.23576794911943,2020-05-19
"FIRst-aId GrApHIcS, LlC",523,218.79748313658678,2020-01-24
"FiRst-aId GRAPHICs, lLc",632,216.04933217068685,2019-09-11
meow pROdUCtioNS,343,185.8069176028652,2020-03-12
MeOW pROdUCtiOns,230,188.44482807409202,2020-05-09
"SaFetY FiRSt, corP.",467,201.85344479479048,2020-06-04
"fIRst-AiD gRAPHICs, lLc",514,204.53483431896382,2018-12-09
"sAfETy FiRSt, cOrp.",526,215.9913344310255,2020-05-25
"PAndA, LLc",716,180.70261836460128,2019-03-19
"saFETy FIRsT, COrP.",668,181.85400150771426,2019-07-09
mEoW pRODuctiONs,587,197.13024702427825,2020-04-09
meOW PRODUctiONs,883,202.32383596613553,2020-05-15
"PAndA, LlC",382,205.3895436011148,2019-12-08
"PanDa, llc",970,204.65824867685077,2019-02-05
"saFETy fIRst, CoRp.",192,184.71996050505257,2020-02-05
"PAnDa, LLc",286,194.42983797932112,2019-09-13
acmE pharMACEuTiCAlS,750,206.5772336380461,2020-02-07
MEoW prOduCTIOnS,573,189.72186721014663,2018-12-16
mEOw pROductIonS,793,213.30235571593926,2019-08-17
"LighTInG, INC.",334,186.91790173097763,2019-03-14
"firSt-AiD grapHics, llc",607,200.25744453625705,2019-02-15
"PANda, Llc",745,185.36319812112637,2018-11-20
MEow PrOdUCtiOns,659,219.1267371208748,2019-09-17
"SaFetY first, cOrP.",408,202.16953898083204,2019-09-16
"sAfEty FirSt, corp.",421,218.74974201542034,2019-07-21
"first-AID GraPhics, llC",869,202.86533828659452,2019-08-30
"PaNda, LLc",744,206.52272590137787,2019-03-18
Acme PharMaCeuTIcALs,529,195.11302426494768,2020-05-29
"ligHTiNg, inC.",556,207.80811329580467,2020-08-23
aCme PHARMACeuTiCAls,964,183.03786571269868,2018-11-12
"liGHtINg, InC.",840,180.7732125423425,2020-01-13
acmE pHarMAcEutIcAls,735,203.32793368208272,2019-02-16
"SAfETy fIrsT, cOrp.",508,180.31663053860248,2019-02-19
MeOW pRoDuCtioNS,288,211.35369699202516,2020-01-11
"pandA, LLC",698,198.67091859504774,2020-06-08
MEOW PRoduCTiONS,550,189.1274390388944,2020-02-07
"fIRSt-aId gRAphICS, llc",554,188.15756973816218,2020-03-23
"FIrst-AID GrApHiCs, lLC",481,200.0549375512373,2019-01-16
"FIRSt-Aid gRApHiCs, llC",378,195.40111927034272,2019-05-31
"LIGHTiNg, inC.",335,185.10420229983546,2020-07-31
"PANda, LlC",568,192.73168205532232,2019-05-13
MeoW PROductIOnS,253,212.43064994175302,2019-02-04
mEOW pROdUCtiONS,525,192.05935759445006,2019-07-24
"fIRSt-AId GrAPHiCS, Llc",489,204.9037551981233,2020-02-19
aCmE PharMacEUticalS,830,202.66281897993028,2020-04-27
"firST-Aid GRApHics, Llc",905,189.34874345360262,2020-05-23
"PANDA, llC",375,219.51279763316313,2020-07-24
"PANdA, LlC",942,200.64590269990174,2019-10-16
"LIGhTInG, INc.",934,193.28256258812053,2020-03-22
aCme phArmaceUTIcAls,183,186.83531400985677,2018-11-06
"lIgHTinG, Inc.",653,207.20155034638776,2019-06-27
"sAFEty fiRSt, CoRp.",343,186.5853289729057,2020-06-11
mEOW PRODUctIons,481,216.96027869284265,2019-08-02
"fiRSt-aId GRaPHICs, LLC",210,190.2800115926985,2019-03-06
MEOW PRoDuctIons,986,202.5264871410611,2019-12-13
"PaNda, lLC",522,199.8304861386465,2019-12-04
"SAfety FIRsT, COrp.",871,213.81717466085783,2019-09-03
"pANda, llC",975,209.91276821968677,2020-01-12
MeOW PRODUCTiOnS,450,184.1458646573338,2019-03-13
"lIGhTiNg, iNC.",750,216.68006061036056,2019-08-02
"saFETY FiRST, CoRP.",654,206.3639996430251,2018-12-10
"PANDA, lLC",365,208.96453652668535,2019-09-23
"ligHTiNG, Inc.",742,187.96780721702308,2020-01-02
"SafETy FiRsT, cORP.",419,181.30501151684447,2019-12-20
"sAFETy firsT, CoRP.",342,183.8538602812342,2019-04-26
"safEtY firST, cORp.",964,198.25899081281432,2020-05-21
"paNda, LLC",915,217.68406072432452,2020-01-04
acMe PhARmAceutICalS,427,183.7995966349749,2019-08-18
"pANDa, lLC",723,192.09726193090177,2019-01-10
meow pRoducTiOns,604,211.25779163674252,2019-07-14
acME pHArmacEuTICaLs,759,190.6373226929776,2019-04-06
"lIgHTiNG, inc.",111,217.46567923406965,2020-01-18
ACMe phArMAceutiCaLS,579,204.04566570454162,2019-06-07
"FirsT-aid graPhicS, LLc",158,213.32405531101875,2019-05-13
Acme PhARMAcEUticaLs,108,202.7667341855645,2019-11-09
"PAnDa, lLc",130,195.34475002979315,2019-04-16
"lIgHtiNg, iNC.",321,189.45686821867287,2019-05-03
"FiRst-aid GRAPhiCs, llC",562,192.72611871744652,2020-02-06
"FirST-aId GRAPHIcs, llc",128,186.83850922974128,2020-03-04
"SaFEtY fIRst, coRp.",570,197.00993008443288,2019-06-13
ACme PHarmaCeuTicals,150,198.63608092570962,2020-05-24
"SAfEtY fIrSt, cORP.",472,209.83733227003947,2019-04-15
meoW prODuCTIoNS,709,201.8894190417305,2019-02-11
AcME phArmAceuTiCaLs,938,201.34127067146997,2020-02-08
"FirST-AID GRaPHiCs, LLc",904,207.04466822561565,2020-07-17
"PANda, LLC",784,207.4588093785674,2019-11-18
"lighTing, INc.",568,200.73736126312204,2019-04-15
"PAndA, LLc",126,203.12204403109195,2019-09-23
"FirST-aID gRAphIcS, llc",928,212.09595072256337,2019-10-31
MEOw prODucTiOns,554,191.82925343695334,2018-12-22
Meow pRoDuctIONs,578,197.5576456299685,2019-02-24
"pAnDa, LLC",782,180.78677872696102,2018-12-28
"PanDa, lLC",593,193.44177953988014,2019-01-28
"PandA, LLc",576,207.1701697451033,2019-11-17
"safEtY FiRsT, COrP.",927,219.18212201409924,2020-08-24
"liGHtINg, Inc.",464,206.50802097742215,2019-11-22
acme pHArMAcEUTIcalS,155,201.8347395998088,2020-05-24
"lIghTINg, inc.",213,216.65393856041263,2019-07-23
aCme PHarmACEutiCaLs,776,213.03503310790137,2019-07-11
"pANda, LlC",739,188.0526451401278,2019-08-21
"LiGHtiNG, INc.",864,188.47879278659016,2020-02-22
"sAFeTY fIrsT, cOrP.",811,202.07794276279793,2018-11-11
"SaFety fIRsT, COrP.",114,213.37282548587064,2018-11-03
"LightInG, inc.",302,191.48336183633154,2019-12-22
mEOw ProDuctioNs,921,181.588556743801,2020-02-10
"safETy FIrST, cORp.",668,204.69159988817603,2019-05-08
mEoW PRoDUCTIoNs,382,190.03821142889444,2019-05-27
"SAfeTy fIRsT, CorP.",288,190.3255261840149,2019-01-25
"PaNdA, lLc",461,207.28997872803495,2019-09-12
AcME pHarMACeuTicALs,557,194.54500199549938,2019-11-09
"FiRST-aiD grApHIcS, lLC",508,217.81771027760595,2018-12-07
"lIGHTiNg, inC.",759,205.8448830264038,2019-02-11
"FiRsT-AID graphIcS, llC",874,198.6587411002705,2019-01-11
"PaNDa, llC",338,205.87376168669914,2019-01-31
"FiRst-Aid GrAPHIcS, LlC",285,188.1492262340956,2019-09-28
"PanDa, llc",797,208.99548052738731,2019-11-11
MEOw proDUctIons,199,181.75390629287494,2019-10-06
"lIGHtiNg, iNc.",329,182.09652912841307,2018-11-20
"pAndA, llc",927,194.9077892091742,2020-04-27
"fiRsT-aid GRAPHics, Llc",584,212.15084374690224,2019-05-25
meoW PRODUcTionS,426,212.9697021318553,2020-07-11
"FIRst-AID GRAphIcs, lLc",665,209.62976087720187,2019-07-25
"FIRST-aid GRaPhICS, lLC",850,192.0725975089132,2019-01-27
ACme PhArMacEutIcALs,668,211.73967438693975,2020-06-07
"first-Aid gRApHics, Llc",728,213.81366702280286,2019-03-17
"PAnda, Llc",835,201.94776093750224,2018-12-01
"LIghTInG, INC.",219,196.26226042102513,2020-07-01
acmE pharMaceUTICaLS,893,184.02481131595124,2019-05-31
"fiRsT-Aid graphICS, lLc",730,188.89016640670357,2020-01-19
ACMe phArmacEUtiCalS,431,185.0885603226703,2019-10-25
"panDa, lLC",915,196.0212738076708,2019-07-26
"SAFety FiRST, CorP.",588,206.9205863874176,2019-05-05
MEOW PRoductIoNS,659,191.42865381071238,2019-01-24
"PAnDa, LLC",764,198.01713196141978,2020-04-22
"saFETy FiRST, cORp.",512,206.79647257431756,2020-08-09
aCme PHarmAcEUtICAls,771,188.6425394012469,2019-06-02
"fIrsT-AID gRAphics, llc",179,182.92929961150776,2020-07-31
meOw prodUctiOns,633,205.39094543447672,2019-05-27
"paNda, llc",424,200.63310731357168,2019-01-09
"PANdA, Llc",328,217.65516103414046,2019-01-10
"sAFETY firSt, CoRP.",964,180.06918322113424,2020-01-06
mEoW PRoDUcTiONS,974,196.94902537792208,2019-12-23
ACmE PHarMACEuTIcAls,288,209.1958187383946,2019-04-23
"FIrsT-AID gRAphICs, LLc",824,199.95276990959565,2019-02-05
Acme pharMAceuTICALS,981,197.1815280897991,2019-01-29
"fiRST-aiD GraPhIcs, lLC",164,207.7891326072407,2019-11-06
"LigHTiNg, InC.",790,200.88995092980585,2019-07-26
"LighTiNg, inC.",701,219.86603682436268,2020-06-02
"Safety fiRsT, cORp.",192,217.1666169768793,2019-01-16
mEOw ProDucTIons,937,197.78991491434252,2020-06-09
"FirSt-AID GraPhiCS, LlC",968,186.05365313514255,2019-05-18
"PANDA, LLC",528,213.30791950419413,2018-12-22
MEOw PROdUctiOns,830,198.41431204758916,2019-05-09
"pandA, LlC",425,212.207461988766,2019-12-13
"PaNdA, llC",361,199.96248140307625,2019-10-21
"SAFetY FirsT, CoRP.",883,215.59360237391166,2019-05-10
"safETY FIrst, cORp.",673,200.0035418323616,2019-07-22
"lIGHTiNG, InC.",328,206.52253185381645,2019-01-04
"FIrst-Aid GraphICS, lLc",443,208.88328876030573,2019-05-03
"fIRst-aid grAphiCs, LLC",794,192.89473755002595,2020-04-20
"PANDA, lLc",611,180.07267467991622,2020-02-23
"LIGHtiNg, INc.",846,201.1172219409328,2019-02-01
"sAFeTy fIRst, CORp.",612,180.05919358579777,2018-11-16
ACmE pHARmaCEUTicals,538,184.73189024644074,2019-12-24
"PaNDA, LLc",445,214.9630617490659,2020-07-30
"PAnDA, LLC",111,193.71728693678585,2020-04-27
AcME PHARmaceUtIcaLS,894,218.91941044524282,2019-02-15
aCme phaRMaceUTICAls,893,185.99027019095567,2019-08-12
aCME PharMAceUtICAls,356,204.393468550952,2019-04-09
"lightiNG, iNC.",856,185.58676660582566,2019-07-29
"pAndA, Llc",831,204.5728910496075,2020-01-23
"FIRSt-aId gRAPhiCs, lLC",977,208.7415251136056,2019-09-29
meow ProduCtions,279,208.0634773514177,2019-06-05
MEoW pRoducTiONS,544,191.967220990633,2019-07-01
"liGhTiNg, InC.",288,192.40205169127015,2018-11-15
mEOW pRoduCtions,432,213.28808572871023,2019-01-29
"liGhTING, inc.",910,207.47698114508125,2020-08-04
"saFETy fiRST, corP.",699,185.43343363048018,2018-11-19
"firsT-AiD grAPhiCS, llC",142,188.6599532458639,2019-07-20
"PANDA, LLc",755,204.98882833057237,2019-03-23
"firsT-AId grapHics, lLc",558,219.62534979825853,2020-03-13
ACMe PharmaceUticAlS,787,186.68707095921488,2020-05-02
"FiRSt-AiD GRaphiCs, llC",794,219.66998155021523,2019-06-30
"fIrSt-aId gRaphIcs, LlC",782,216.5408062854037,2020-08-04
MeOw pRodUCtIoNs,616,195.3409463255842,2019-07-11
"SAFEty fiRSt, CoRP.",393,187.1132796066409,2020-06-14
aCmE pharmACEUtiCAls,433,203.03552797228014,2020-07-16
"fiRST-aid GRaPHicS, Llc",471,218.0418202544611,2019-09-12
"SAfeTy firSt, CorP.",931,200.38867638909025,2019-03-02
"ligHtinG, iNC.",133,218.158478684993,2020-06-04
"SafetY firsT, CoRp.",124,213.08706795351856,2019-11-27
Meow PRODUcTions,371,189.75099433156174,2018-12-12
"SAFeTY FirsT, CORP.",873,198.22168349495362,2020-05-16
"fiRSt-AID grapHIcS, Llc",906,187.9568159366103,2019-07-13
"lIGhtInG, inC.",924,191.81564809144237,2019-11-23
"LightiNG, iNc.",427,217.8598574968012,2018-12-16
meOw proDuctIOns,324,190.12087233612056,2020-08-19
"sAFEtY fIrsT, CoRP.",186,211.7166498891538,2020-05-05
"FIrst-AID gRaphiCs, lLC",186,194.16308489085705,2019-10-30
"lighTInG, Inc.",944,190.00749809775465,2019-06-27
"PaNda, Llc",819,200.84983420717606,2019-07-30
aCME PhARmAceutICals,684,201.9898446183469,2020-02-05
aCme pHARMACeUtICALs,185,180.9573517341471,2018-11-17
"Safety fiRST, CoRp.",478,219.21521710002486,2020-06-29
"LIGHtinG, InC.",823,199.8431893457428,2019-11-15
"sAfETY firSt, COrp.",163,193.8918908689439,2019-04-03
mEow pRoDuCTIoNS,947,180.22962651258098,2020-03-11
"fIrSt-aid gRaphiCs, LLC",629,210.0964361032703,2019-09-23
"safETy FIRST, CoRp.",471,201.17673346998006,2019-10-22
AcME phaRmaCeUticalS,258,214.30783602495362,2018-11-22
"saFeTY fiRsT, cORp.",489,212.6673984867529,2018-12-27
"sAfEty fiRST, CoRp.",980,203.56586856731087,2020-03-11
"pANDa, LLC",929,181.9426001365732,2020-04-25
"pAndA, lLC",691,209.16808958930045,2020-06-19
"lIGHTinG, INC.",468,215.37831631897205,2019-11-07
"saFeTy FiRst, cOrP.",858,215.27026760630773,2020-04-17
meOW pROdUcTiOnS,816,212.5124348972198,2019-12-05
"LiGHtING, iNc.",775,207.86532754722916,2018-12-31
acmE PHArmAceUTiCaLS,580,206.99098122275822,2019-03-04
mEow PrODuCtionS,492,180.17152456757597,2019-04-04
"pANDA, llC",464,189.20764965651074,2019-05-11
"LIGhtINg, iNc.",918,185.86840911956597,2019-02-28
"LiGhtinG, INc.",232,190.0683466780679,2020-04-01
"PANDA, lLc",291,211.0953382192445,2019-08-18
"LIgHTING, INC.",401,201.8795214823056,2018-12-20
"firSt-Aid gRAPHICS, lLc",816,192.1716931711527,2019-04-04
"SafEty FIRST, COrP.",756,186.116092102948,2019-08-28
"FIRST-AID grAphiCS, lLC",382,206.1498078447969,2019-08-09
"PAnda, lLC",571,219.72577750380026,2019-06-04
MeOW PRodUCTIonS,308,202.6079071828105,2019-05-09
"paNDa, LLc",729,203.4150510507966,2019-05-23
ACmE PhaRmACEuTIcAls,242,211.3028159754273,2019-12-12
Acme pharMACeutiCaLs,213,206.57824685127747,2019-07-25
MEoW pRoductiOns,412,197.87174190216425,2019-02-16
acmE PHaRmaCEutIcAlS,688,206.53623158726123,2019-09-09
"LIgHtINg, inC.",895,194.07714399662873,2020-04-03
MEow ProduCTionS,442,201.02548397534613,2019-04-03
meow proDuCtIoNS,588,203.61717440756865,2019-05-10
"FiRST-AId GRaPhICs, Llc",492,194.2429100275964,2019-01-17
"LIGhtinG, inC.",601,206.99506746927943,2019-11-06
"panDa, lLC",757,204.87504861619553,2020-03-13
mEOw pROdUCTIONS,495,210.43493762939448,2020-07-16
"SaFEtY FiRsT, CORP.",736,217.01691354107606,2019-05-25
aCmE pHArMaCeuticals,410,196.35738450826946,2019-09-05
"lIghTInG, InC.",901,213.18130811803067,2019-01-01
"LIGhtINg, Inc.",329,204.73361627900036,2019-12-14
"fIRSt-aId grapHicS, LLc",360,201.00726763904518,2019-05-11
"liGHtinG, InC.",790,183.19115561471065,2018-11-11
"paNDa, LLc",578,201.18525537001793,2020-04-23
"PaNDa, lLc",115,212.65353028653124,2019-05-21
acMe PhArMAceUtiCaLs,326,194.6424766305381,2019-11-08
"lIghTiNg, inC.",460,190.6097074005098,2019-04-06
"PANDA, LlC",387,202.52036817786603,2020-06-13
aCmE pharMACeUtiCaLs,590,201.46398603706982,2019-11-10
aCme PHARMACEuTICAlS,989,205.3697376818552,2020-01-23
"SaFEtY FIrsT, CORp.",758,210.38431462504772,2019-11-12
"pAndA, LlC",639,219.95703294429072,2020-07-12
meOw pRODUctIONS,898,215.77303564611165,2020-03-29
AcmE PhArmAcEUtiCaLs,524,192.9925350696252,2020-05-30
"LiGHTING, INC.",943,201.63433123523927,2020-08-08
"safEty First, cOrP.",664,181.96478362675566,2019-09-29
"SAfETY fIrst, CorP.",571,197.78811495067959,2020-05-24
"FIrSt-AiD gRaphIcs, llC",895,187.50691852240107,2020-03-19
"firsT-aiD graPhICS, lLc",244,189.03224017180594,2019-06-04
"SAfETY firSt, CoRP.",253,197.97938832848547,2019-05-28
"FiRst-AID gRAPHics, lLc",298,181.88670701054306,2020-03-07
ACmE pHARmaCeUtICalS,593,207.9690971821704,2020-02-22
meoW prodUcTionS,843,191.5296424015769,2020-06-21
mEOW prOdUCtiOns,408,195.82450723914212,2020-04-03
aCmE phARMACEutIcaLS,313,216.30956688173194,2020-03-18
"liGHTInG, INc.",761,189.83268316414774,2020-01-04
"PanDa, LLc",309,186.72279248313194,2019-08-07
"fIRST-AId gRapHicS, Llc",960,215.44882528671607,2020-06-01
"sAFEty fIRSt, Corp.",239,183.43408500833164,2020-07-23
mEOw pRoDuCtiOns,102,193.64579023228697,2019-03-23
meoW pRoDUCtiONs,444,197.36743730660993,2020-03-01
mEoW PROdUcTIoNS,828,194.27742758068516,2019-02-25
"FirsT-AID grAPHiCs, Llc",491,191.3379508587102,2018-12-24
aCME PhARMacEUTICAls,624,219.80989631971957,2019-06-09
"pANDa, lLc",812,203.21921169533357,2019-01-23
"paNDA, lLc",547,207.0805392116348,2019-09-21
"ligHTInG, InC.",931,212.60395007644868,2019-11-15
ACmE PhArMAcEUTicaLs,207,210.75544786500618,2020-02-15
"ligHtINg, INC.",263,217.10128267466246,2019-06-22
mEOw PRODUcTIOnS,678,182.56980819266676,2020-05-13
"SAfETY fIRst, cOrP.",746,189.52952015330104,2019-05-29
"LIghtIng, INc.",621,217.04505185007827,2019-05-26
aCMe pHaRmACeutIcaLS,143,218.03859865517944,2019-05-17
AcMe pHARMAceuTicALS,829,190.16761675578684,2019-12-24
"SaFETY FIrsT, COrp.",151,205.7470550768374,2019-04-02
"fIRST-aId GRapHICs, llc",867,216.47651730012217,2019-06-27
"sAFeTy FIrst, coRP.",829,212.90881756065326,2019-12-07
Meow PRODucTIonS,729,208.07046329952055,2020-04-24
"fIRsT-aID gRapHICs, LLc",669,210.52371547022773,2020-04-14
"lIGhtiNg, INC.",750,180.5783434036181,2019-12-07
"pAndA, llc",984,197.61246943607898,2020-01-14
mEow pRoDucTIoNs,924,198.20459502989064,2018-12-16
"first-AiD GraPHIcS, LLC",309,192.22239702689444,2020-02-05
"LigHTInG, iNc.",380,215.54597245376783,2019-02-01
"sAfEty firST, corP.",495,218.63574734014585,2019-04-24
mEoW PRODuCTIoNS,527,183.037919325777,2019-11-29
"panDa, Llc",600,213.08795181210652,2018-12-26
acMe PhARMACeUTicALs,678,197.41082316657304,2019-01-05
"PanDA, llC",521,203.94404052676833,2019-02-03
"SafETy FIRST, corP.",603,187.17020184061607,2019-06-22
MEoW PrODUCtiOnS,781,196.4687665356127,2020-05-12
MEoW ProdUctIonS,908,183.55970995352087,2020-03-24
"SafEtY fIRST, COrP.",832,199.7261326379987,2019-02-13
"SAFEty fiRst, COrp.",118,182.1882307815143,2020-05-10
"pandA, lLc",615,203.70471906320606,2018-12-16
"fIrST-aID grapHIcS, LlC",866,198.58922532923617,2020-03-20
"fiRSt-aid GrAPhIcS, llC",754,202.0637748935677,2019-11-09
"sAFETy FIRST, Corp.",724,194.33508936364032,2019-11-01
"fiRST-aId GRApHics, LLc",250,213.98410008318467,2020-01-05
"FIrSt-AiD GRAphICs, llc",795,181.5802679696566,2019-03-30
Acme PHARmaCeuTICALS,963,198.01282507992744,2019-04-17
"firsT-aID GRApHIcS, LLC",387,215.16858822434259,2019-04-20
MEoW proDuCTIOnS,729,182.05398447458407,2020-07-24
"paNDa, llC",656,186.34922181213832,2020-05-03
aCME pHarMacEuTICaLS,673,195.7152581541407,2020-03-07
meoW proDuCTIONS,177,185.56861469234406,2020-07-31
"FiRSt-AId GRaPHiCs, lLc",622,212.14623310483893,2020-05-23
"LiGhtinG, inC.",791,203.70446752041073,2019-10-18
meoW prODuCtiONS,443,190.86235137789225,2019-06-11
"saFEtY FirSt, coRp.",809,197.22037280134865,2019-04-22
"pAnDA, lLC",461,209.57865882043805,2019-01-17
"FiRSt-Aid gRAphicS, LLC",815,200.036964231585,2020-05-14
"LIghting, Inc.",562,186.5983393955114,2019-07-10
"firsT-AId gRAPhics, llc",554,213.01380868327806,2020-04-28
meOw ProdUCtIOnS,614,210.73806196706116,2019-11-29
"ligHtiNG, INc.",547,191.62936205586308,2019-08-07
"FirSt-aid grapHICS, LLc",811,204.08316600559826,2020-08-25
"sAFEty FiRsT, coRP.",449,194.04566599887778,2020-03-13
"SAFEty fIrST, COrp.",351,191.12666523204027,2018-11-16
MeOw proDUCTioNS,176,207.56511927458195,2019-11-22
mEOW ProDuctIONs,612,199.69760000231852,2018-11-04
acMe pHaRMacEuTICAlS,264,214.81666999147438,2019-06-19
"PAnDa, llc",317,184.37418048099485,2019-07-30
"sAFeTY FIrsT, coRp.",509,184.33912067147685,2019-04-02
"SAFeTY FIrST, Corp.",139,200.65890731040042,2020-06-18
"PAnDA, lLc",595,181.65626644612945,2019-01-11
"LIgHTiNG, iNc.",487,213.35622834209755,2018-11-05
"lIghTINg, inc.",716,198.0325333960176,2020-03-29
meow prOducTionS,645,200.97075805189692,2020-01-13
aCME pHaRMAcEuTiCALs,816,209.2861700665115,2019-05-06
"LIGhting, INC.",186,193.7326131625714,2020-04-27
acmE pHaRmaCEUTICALS,951,191.3073351578792,2019-04-07
"SaFeTy fiRST, CORP.",210,216.4312536596116,2020-07-21
meOw PRoDuCTiONS,535,218.81421288093495,2019-01-22
"lIGHTINg, inC.",119,207.14281840555662,2020-03-08
"FirST-AiD gRAPhICS, llc",786,216.4946086139019,2019-03-10
"LIGHTiNG, iNC.",386,182.58970337623137,2019-06-06
"SaFEty fiRST, coRP.",786,189.93406749674034,2019-04-23
"firsT-AiD gRAphIcS, Llc",549,184.90589942210664,2019-04-05
MEoW ProDuCTIONS,799,190.93487290987906,2019-07-16
AcMe PHARMaceUticALS,305,187.06634994147942,2019-02-13
"firSt-aiD GraphiCs, Llc",692,213.13068556373244,2020-02-22
"fIrst-Aid GrAphics, lLc",610,216.4098895135539,2018-12-29
"SAFeTY fIRST, cOrP.",382,186.0960663754223,2020-01-28
"pandA, LlC",388,198.39584524703474,2020-06-07
"sAFetY FIrSt, cOrp.",670,209.05476180134468,2020-01-06
"PANdA, LLc",542,183.00460074524017,2020-06-05
"LIgHTIng, INC.",890,182.73739332818187,2019-12-15
meow pROdUCTIOns,575,213.48945021931985,2020-03-01
mEOW PrODuCtIons,776,185.41199537751157,2019-07-27
"LiGHTiNg, inC.",348,203.49222966158183,2019-08-25
"LIGHTIng, inc.",417,209.2305632263139,2019-03-05
"sAFety FIRSt, Corp.",421,194.41284592138035,2020-02-01
"LiGHtINg, inC.",107,193.62722672946828,2020-05-02
"SaFETy firSt, coRP.",979,181.95228370405607,2020-06-17
"FirsT-aId gRApHICS, llC",908,183.33633987624376,2020-04-30
"LiGhtIng, iNC.",691,183.24551436924781,2019-03-10
"SAFetY fIrST, cORP.",903,214.4109834169949,2019-07-06
"lighTiNg, iNC.",510,193.9657685565343,2018-12-26
"paNdA, LLc",125,204.84741055123527,2020-08-18
"LIghtING, INc.",883,191.23538112587212,2020-05-05
"SafEty fIRsT, COrP.",847,206.7617268266802,2019-02-03
"firSt-AID GRAPHIcS, llC",984,198.78265649027747,2019-06-15
"pANdA, lLc",234,215.6871823244915,2020-07-10
"lIghtiNg, InC.",408,195.74317995492467,2019-01-24
ACmE PHArmAceUTICalS,183,184.4190390864782,2019-10-11
"SAFetY FIrst, CoRP.",836,207.85153328875697,2020-07-06
acMe pHaRMAcEutIcalS,830,183.93890271687778,2020-01-31
"LIgHtinG, inC.",615,206.93806047554915,2020-05-14
"sAFeTy FirSt, COrp.",918,187.50123975779923,2020-04-30
MEoW PrODUctioNs,139,212.83444576277537,2020-04-04
"pandA, llC",404,200.95987281102293,2019-12-16
ACMe pHArmAcEUTIcALs,147,203.66083828835554,2019-09-10
