clientname,quantity,price,date
ACmE phArMaCeuTIcALS,761,203.97835386240016,2020-05-03
"LightInG, InC.",141,209.13732844834652,2019-06-14
"ligHtinG, INc.",829,207.46715024891975,2019-02-04
"fiRST-aID GRAPhICS, LlC",690,215.0966947085214,2019-08-13
aCme phArMaceUTICals,509,207.9069583608339,2020-08-16
MeoW ProdUCTIOns,896,206.5129988261133,2020-08-09
AcME phaRmAceUTICALS,583,217.7608974467489,2019-06-11
"lightinG, INC.",258,185.6028494323203,2020-01-04
"PAndA, LLc",877,213.48543888147933,2020-05-03
MeoW pRoDuctIonS,904,196.3408428591333,2019-07-23
"PAndA, LLC",687,216.66779237437154,2020-08-05
"safety fIRSt, coRp.",672,188.17386541433623,2020-02-05
"SafETy fIrst, Corp.",713,197.29263327336236,2019-01-08
"sAfetY First, Corp.",755,183.39691523660022,2019-06-23
"SaFEty FiRST, CoRP.",755,218.81411613383176,2019-05-18
MeOw proDuctioNS,885,181.9229682709218,2019-06-01
"pANDA, LLC",494,193.81430625551323,2019-10-13
"pAnda, Llc",417,205.0233013016333,2020-04-08
MEOW prOdUcTIOns,991,215.18061206488048,2020-08-21
"sAfEtY FIrst, cOrP.",482,181.43094804052657,2019-06-14
acMe pharmacEuTICAls,354,197.26575070656085,2019-05-12
"SAfeTy fIRST, CORp.",445,204.20090489816104,2019-11-15
"PaNdA, Llc",655,203.83602794887528,2020-04-07
"fIRst-AId gRaPHicS, lLC",983,180.37756432980453,2019-02-25
"liGHTINg, iNc.",532,185.23205665064168,2019-01-23
"LightinG, InC.",310,180.94646875851106,2018-12-01
"LIghting, INC.",691,193.21573397184113,2020-05-26
"PAnDA, LlC",512,190.64319124278575,2019-10-20
"LIGHtInG, iNc.",927,190.102126208941,2020-05-04
MeoW PRoDUcTIonS,944,209.67360024050743,2020-04-11
acME PHarMaceuTiCals,224,190.3458409182149,2019-06-18
mEoW prOdUCTioNS,630,217.47380778625921,2019-05-20
acME phaRMAcEuticALS,612,183.65104577228394,2019-04-11
"saFEtY fIRst, cOrP.",845,212.99724930217363,2019-07-31
acMe PHARmaCEUTicAlS,193,193.41705785336487,2019-06-16
"LightInG, inC.",992,183.86585082194821,2020-07-05
"FIrST-aID gRaPHics, lLC",545,193.98687859038515,2020-05-01
"fIrSt-aID GrapHIcS, LlC",247,200.32856664602753,2020-08-23
"fIRST-aid graPHiCS, lLC",818,193.4273694573585,2020-08-14
"ligHtIng, InC.",259,183.83619510605726,2019-11-08
"sAfEty fiRsT, cORP.",402,193.7436583381906,2020-07-18
"firSt-aId grAPhICS, llc",608,212.80000906369602,2019-04-30
"safETy fiRsT, CORP.",196,192.38982701823193,2019-01-19
"fiRSt-AiD GrAPHics, LlC",783,182.9998045186073,2020-05-20
"panDa, LLC",873,208.1221370700161,2020-08-15
"sAfeTy fIrsT, coRP.",151,191.0576986077892,2020-05-17
"First-AID graPHICs, LLc",853,188.95710077929408,2019-02-19
"LIGhTiNG, InC.",847,204.8730364409737,2018-11-10
meoW prOductiONS,843,216.226806844023,2019-07-31
"paNDA, lLc",146,208.9135140085204,2018-12-02
MeoW produCtIONS,284,186.07397855714456,2019-05-02
"First-AID graPhIcs, LLc",239,206.93066368675403,2019-01-03
"LiGhTIng, INC.",542,210.59334252319172,2019-08-21
"SaFEty First, Corp.",397,201.04682793369844,2019-04-07
"pANdA, LLc",870,185.51799622478163,2018-11-29
"FiRSt-AID GraPhiCS, LLC",188,216.98527964025155,2019-08-01
MeOw PRodUctIONs,769,218.0067351584993,2019-04-17
"fIrSt-AID GrapHIcS, llC",323,185.84549891077396,2019-04-06
"sAfETy fIrSt, cORp.",479,211.7866912347093,2018-12-02
"fIrst-aiD GRapHIcs, llC",234,217.91955924177864,2019-12-11
"saFeTY FirSt, CORP.",999,185.73583160862503,2020-01-23
ACME phaRMAceuTIcAls,364,218.38278704904621,2019-03-05
"LIGhtIng, iNC.",846,193.65335965841956,2018-11-17
"LIGHting, INC.",718,183.53569338505133,2020-05-30
AcME PhaRMACeuTICaLS,305,211.55891946123845,2020-07-21
"fiRST-AId graphIcS, LLC",512,205.98716320242428,2020-02-05
"lIGhTIng, Inc.",315,215.63605277572736,2018-11-25
MeOW PRODUcTioNs,142,196.10447194005977,2020-05-28
AcMe PharmacEUticALS,715,198.22631077001836,2020-02-29
"SaFeTy fiRST, coRp.",998,213.10793996844797,2020-06-07
"saFeTy first, COrp.",867,182.20530696775216,2020-07-10
"FiRST-AiD GRAphiCS, llc",229,210.8817620579719,2020-02-25
"FirsT-aId GraphICs, llc",821,203.53075230034815,2019-02-06
"PANdA, LlC",405,183.39250482926096,2019-03-02
"SaFeTY fIRsT, corP.",119,188.77293066822602,2019-12-06
"liGhtING, INC.",842,219.48747753756527,2018-11-04
"SAfetY fiRsT, cOrp.",134,201.1237170947366,2019-10-27
"PaNDa, llc",693,194.02530475192611,2020-04-05
"LIghTiNG, inc.",608,191.37297913774574,2019-07-20
"SAFety fIrST, CORp.",151,185.94525078395904,2019-05-07
"FIRSt-aiD graPHICs, llc",344,198.1211428078454,2019-08-10
mEOW producTionS,678,205.47872196657585,2020-02-03
AcmE PhARmacEUTIcALS,972,186.8370818830212,2020-08-19
"fIrsT-AId GRapHiCs, LLC",770,204.58241045351986,2020-05-06
meOW PrOductIoNs,897,190.99454078168586,2019-11-12
acme PHArmAceUTicals,381,206.1949221381032,2019-09-21
"sAfeTY fIrSt, coRp.",473,194.46034424760327,2018-11-25
"pAnda, lLC",736,197.87533327058196,2018-11-04
"FIrSt-aiD gRapHics, lLc",863,197.16411919736652,2019-01-26
"fIRSt-AID gRaPHiCs, LLc",879,205.86962273191483,2018-11-09
"LIGHTINg, InC.",988,190.8298305277263,2019-09-17
AcME PHARMAcEuTICaLs,883,189.34941548505165,2019-10-13
MEOw pRoDUCTiONs,546,186.77946852683272,2018-12-31
"FiRsT-aiD gRAPhIcs, llc",771,219.5511915463891,2019-10-10
"FirSt-AId gRApHiCS, LLC",564,199.86748820025483,2020-06-10
"PaNda, LLc",663,197.85422939670522,2019-08-14
"sAFety fiRST, cOrp.",133,199.4310647226856,2019-04-02
"LiGhTIng, inc.",372,184.2932991913093,2019-09-04
"SaFetY FIRsT, CoRP.",570,199.4479267990653,2018-11-13
"SafEtY FIrST, coRP.",853,199.34001510582308,2019-09-18
"PAnDa, llC",968,195.0295354641329,2020-08-10
"fIRST-aID GrApHICs, lLC",512,212.8492167213945,2019-09-08
MEoW PRoDuCTioNS,690,214.41922019011025,2020-04-30
MEoW ProDucTioNs,368,207.23039189199233,2019-09-06
"SaFEty FiRsT, CORP.",196,194.99670438400497,2020-03-18
"pANdA, llC",233,206.20190255972747,2019-08-25
"SafETy First, cORP.",288,210.1474203046341,2019-06-04
"fIRsT-aID GraPhIcS, LLc",941,186.5285098517604,2019-10-13
aCMe pharmAceuTICAls,172,214.77937182745015,2020-07-01
"fIrST-aid GrApHiCS, LlC",702,200.10002829127038,2020-01-07
"lIGhting, inC.",935,202.34794001038105,2019-12-07
aCmE pHarMaCeUTIcaLs,539,183.0687718433664,2020-03-12
AcMe PhARmaceutIcaLs,135,218.73021545640864,2019-07-31
AcmE PharMAceutICAlS,338,196.75368547477026,2019-11-29
"PaNda, llc",872,191.54986374353723,2019-05-17
"LigHTiNg, iNC.",597,188.40547713645682,2019-10-30
"SaFETY FirSt, coRp.",310,193.59139042967948,2019-07-29
"liGHTiNg, iNc.",905,204.47510925201334,2020-06-14
"pAndA, llc",834,184.25570704648922,2019-03-10
"sAFeTy fiRsT, cOrP.",619,209.80201398052887,2019-02-12
"fIrsT-aid GRApHIcs, lLC",276,208.18507161383513,2018-12-16
ACme PHARMaCeutICaLs,991,199.6519024435468,2019-03-05
"LiGhTiNG, inc.",726,197.60712996417186,2020-03-04
"fIRst-aId GRaPHiCS, llc",247,211.45311453962276,2020-04-19
MEOW PRODUCtiONS,560,191.3760438712917,2019-12-01
meow PrODucTIONs,974,210.07891100515928,2019-05-16
MeOw PrODucTIoNS,500,197.31166029381444,2019-07-13
AcMe phArmaceuticals,289,216.6439622865325,2019-08-06
ACME phARmaCeUtIcalS,531,181.9395485402418,2020-08-20
"SAfEtY FiRsT, CorP.",348,217.45014288109934,2018-12-02
"SAFeTY FiRST, corP.",166,206.43351257150562,2019-01-30
"fiRsT-aiD gRaPhICS, llC",295,180.09383829809042,2020-02-09
acME PHaRmaCeutIcAlS,787,193.66913448283645,2019-06-11
"PANDA, Llc",601,199.6444390668004,2020-02-03
"lIGhTing, inc.",322,192.9407029157594,2019-01-25
meow prodUcTIoNS,915,196.1101154342376,2019-09-07
"paNda, LLC",727,201.24160544412325,2019-11-27
"ligHtiNG, inc.",162,208.05195162447774,2019-09-29
meow pRoDuCtIoNS,638,191.4733501373414,2019-04-29
"pAnDA, LLc",619,190.16944293943536,2019-11-20
"LIgHtiNG, InC.",359,219.5593252276344,2020-02-27
MeOW pRODuctIONs,299,210.254810134791,2019-10-15
MEOW prOduCtioNS,210,194.90939767998617,2020-03-20
MeOw PRODUcTionS,231,217.25158198614506,2020-06-18
meow ProDuctiONs,114,211.86877086516327,2019-06-18
"LiGHting, inc.",554,197.87290582331838,2019-07-09
"LIgHting, Inc.",683,218.72909553863647,2019-10-14
"SaFeTy FiRsT, coRp.",114,185.7569820023555,2020-04-29
"SAfETY first, COrP.",391,215.46473295820425,2019-07-14
"lIGHTing, iNc.",915,211.57759911694706,2019-08-10
"SAFetY first, CoRP.",390,218.3180035730603,2018-12-29
"sAfEty FIRSt, corP.",490,216.17540342761444,2019-03-20
AcmE phaRMaCeutiCaLS,998,190.13861957033777,2020-04-25
"firsT-aId GrAPhiCs, lLc",311,205.38283925726003,2019-09-21
"ligHtinG, INc.",387,215.4787267063968,2020-06-23
acME PhArmacEUTIcALS,315,200.29407405770309,2020-05-25
"firST-AID GRaPHICs, LLC",374,182.46974768095873,2019-05-24
"SAfEtY FIrst, Corp.",881,200.87573009329094,2020-02-19
"ligHtIng, inC.",321,202.3029647580202,2020-08-24
MeOW PrODUcTIonS,196,201.88228933164024,2019-01-11
"pANda, LLC",525,185.48384620262513,2020-02-07
"safetY first, CoRp.",695,199.6032298560784,2018-11-04
MeoW PrODUCTIOns,905,181.60616681940016,2019-10-17
ACmE PharmaCEuTiCaLS,446,189.01856487759838,2020-03-25
"SAfeTy fiRSt, coRP.",200,188.81533667343572,2020-04-15
aCme phaRMACeUTiCAlS,855,182.00324627888452,2020-03-27
MEow proDUCtionS,681,197.28531502637153,2019-09-27
"lightINg, iNC.",565,200.99460574527748,2019-05-16
"SafetY FIrsT, cOrP.",438,217.5754082404071,2020-02-01
MEOW pRodUctIONs,903,216.11223037203382,2019-09-12
meoW ProducTIONS,261,200.71516811808263,2020-02-29
meOw ProDUcTIONS,809,182.6456002807486,2019-03-31
"FIrsT-AiD grAPhIcS, lLc",688,201.66139734620967,2018-11-23
"paNDA, LLc",486,184.59105990981286,2020-06-19
"PANda, lLc",352,194.87273363252456,2020-01-31
meOw PRodUcTiOns,818,184.2670629076075,2019-07-11
"panda, Llc",907,213.5560630941884,2020-04-17
aCME PHArmAceuTicAls,250,217.7143428414148,2020-01-12
"lIGHTing, inC.",201,190.509578704777,2020-05-03
"FiRsT-AiD gRAPHiCs, LLC",242,185.6705286476021,2019-11-12
"lightiNG, INc.",698,193.1107731605524,2019-01-12
ACMe PhArmACeUTICALS,233,199.82554606402957,2018-12-29
MEoW proDucTIONs,419,217.2326873466105,2019-08-07
"sAfetY FirsT, coRP.",254,194.79495659779982,2019-05-11
"PANdA, lLc",326,205.0049204544708,2019-05-23
MeOw ProDuCTiOns,815,197.1125754189365,2019-12-03
mEow proDuCTionS,494,206.4872613990782,2019-02-25
AcmE PhARMaCeUTIcaLs,599,213.7210234218992,2019-07-08
"firST-aid graphIcS, LLc",788,208.25574361230503,2019-05-11
"SaFEty fIrST, cOrp.",592,189.53715618247486,2019-01-06
aCMe phARMaCEuTicAls,759,205.4697044419473,2019-05-28
"PAnDa, llc",406,219.2828702092591,2019-04-19
"paNDA, llc",830,184.6003455347947,2019-06-24
"SafetY FIRst, CorP.",313,199.61307131629889,2019-07-09
Meow pROduCTioNS,582,211.3339143930946,2019-02-08
"lIGhtIng, INC.",860,217.15816464806187,2018-11-15
"safETy fIRsT, coRp.",736,208.1704330490351,2019-03-14
"SAfetY FiRst, COrP.",673,210.07956286598645,2020-02-08
"safETY FiRSt, CORP.",564,208.1129068217514,2020-05-21
"sAfETy FirSt, CORp.",856,217.32301059964783,2019-08-13
"sAfEty fiRsT, cORp.",189,209.68950674414202,2019-01-07
"fiRSt-aId GRaPHICS, lLC",571,209.70189889242565,2018-11-13
acMe pharMACeutIcALs,218,199.47299512614865,2019-05-26
Meow pROducTioNS,583,201.25408437323358,2019-06-30
"SaFeTy First, cOrp.",621,209.82471527968093,2019-08-13
aCMe phaRMAceuTICalS,497,188.40900545289043,2019-09-02
"LIGHTInG, inC.",115,197.11464564658328,2019-05-06
"LIghTINg, InC.",830,219.02523093923713,2019-07-25
"sAFETY fIRST, coRp.",959,208.46700627013757,2019-04-28
"LIGHtING, inc.",904,188.8004772191102,2019-08-29
"LIghtIng, INC.",546,186.74035837258992,2019-11-09
"pANDA, Llc",896,184.07279749710966,2019-01-02
MeOW pRoDuCtions,251,205.11945656550347,2019-04-17
"SafetY FIRsT, cOrp.",437,212.67359741114294,2020-04-13
MEOw pROduCTIOnS,979,217.46270602468985,2019-10-09
"sAFeTy fIRsT, CORp.",229,187.88015392566916,2019-03-16
MEOW pROducTiOns,393,215.93476144022154,2019-01-26
"lIgHting, inc.",824,184.77824433576555,2020-04-06
"LigHTING, Inc.",935,205.33005867126533,2019-01-18
MEow pROduCtIOnS,719,181.90019751058506,2019-05-12
meoW pRoDuCTIONs,914,213.29668133843973,2019-01-16
meoW ProDucTionS,573,213.16915347307906,2019-06-27
MEoW PRODuCTiONS,550,198.73333883242975,2018-11-03
meOW pROducTIonS,446,185.3991728339643,2019-01-23
meOW producTiOns,968,185.26780692960617,2020-08-25
"fIRsT-AID graPHICs, LlC",803,192.9274595506307,2019-09-10
"paNdA, lLc",544,217.4312313498819,2019-09-11
"FIrst-aId GrAphiCs, LLc",216,183.20740155083135,2019-08-16
"lightiNg, INC.",318,191.4692845764085,2020-05-25
"saFeTY FiRSt, CorP.",363,190.0018632455334,2019-02-17
"LIGhtiNG, iNc.",255,203.68726594593778,2019-02-11
"LIGhTiNG, iNc.",312,202.69184398092443,2020-01-19
"PANda, Llc",479,216.08386199609612,2019-12-10
"sAFETY FiRst, COrP.",976,219.28823174319544,2020-03-03
ACme PharMaCEuTiCaLs,399,207.01073322716994,2019-12-03
"lIgHtING, INC.",929,189.5035263474984,2018-12-11
"liGHtINg, iNc.",488,195.25141053267657,2020-06-16
"PAndA, LlC",778,183.38513535451415,2020-05-01
meoW PROdUcTiOnS,239,195.5892196615569,2020-01-26
MEOw prodUctions,902,216.63920030363306,2020-07-25
MEow prODuCTioNs,890,217.03609405923717,2020-04-04
"FiRst-aid GrapHIcS, llc",925,219.047295697028,2020-07-04
meOw prOducTions,574,188.84683914774297,2018-11-12
meOW produCTIonS,437,181.40579983294316,2020-05-16
"panda, lLC",767,208.4671006866999,2020-07-05
"PaNDa, LLC",910,217.13309263763082,2020-02-04
"lIgHTInG, InC.",161,205.9177738424694,2019-08-18
"PANDA, Llc",949,203.18138263239942,2019-10-19
"First-aId GRApHIcS, LlC",191,185.61206908378944,2020-07-14
"FIrsT-AID GRaphics, LLc",413,198.45775126096868,2019-11-19
"liGHTinG, inc.",361,194.4779838726782,2020-04-29
"sAfEtY fiRSt, CORP.",436,202.5552607673019,2019-10-06
acME phArmAceutIcalS,174,200.23066311820236,2019-11-18
"FIrst-aId GRApHIcS, Llc",147,190.93285702091148,2020-08-08
AcME pharmaCeuTiCals,121,206.2720160215779,2020-02-11
mEOW ProDuCTiONS,858,199.89242585416602,2019-09-04
"LigHTiNg, INc.",265,207.4568872643248,2020-07-12
"SafeTY FirST, COrP.",815,210.7154780454311,2020-02-11
"liGhTiNg, inc.",821,206.48064963117574,2019-08-09
"liGhtInG, inc.",578,208.13232615426813,2019-03-17
"lIghtIng, inC.",698,203.62509381961527,2019-04-03
acme phArMaceutIcalS,273,190.5995304266122,2019-08-21
"fIRst-aid GrAphiCS, LLC",684,186.5779751310367,2019-03-31
"LiGhtING, Inc.",403,181.940864994167,2019-06-08
"pAnDa, LLC",351,183.7099968132384,2019-06-27
ACME pharMaceUTiCALs,992,206.992396671879,2020-04-13
"pANda, llc",662,188.38473962312648,2018-11-23
"Lighting, INc.",262,210.81241597081134,2020-03-27
"FiRsT-AId gRApHicS, lLC",605,203.65092309555192,2020-02-19
AcME phArmaCEutIcaLs,951,216.2324219864064,2019-01-20
"liGHTIng, INc.",461,192.8731832326714,2020-08-12
"SafeTY FIrsT, cOrp.",339,183.02017979244556,2019-02-10
"FIrsT-AId GrAPhICS, Llc",951,212.6286735202392,2019-01-08
"LiGHTinG, inC.",116,213.80214954894313,2020-02-08
MEOw prODUCtionS,649,214.78100982748182,2019-06-25
"panDa, lLc",428,182.0584113720574,2019-01-31
"fIRsT-aiD gRAPhICS, lLc",192,218.17025248769048,2019-04-24
MeOW pRoDUCtIons,195,202.34773273317396,2019-08-06
"PaNDA, llC",677,218.97907582139038,2019-10-03
"LIghtiNG, INc.",539,209.17959849709578,2020-02-10
"SAFETy FirSt, corp.",664,210.06388803928547,2019-10-17
MEow pROducTIONS,429,211.79363618049263,2019-01-28
"safeTY firST, CORP.",841,205.07313992947886,2019-02-16
"ligHTing, inC.",328,203.90540067988303,2020-02-20
"SAFEtY firSt, cORP.",352,208.50212640671222,2019-11-17
"FiRSt-aID gRAPHIcS, LLC",993,185.6517347488742,2020-06-29
"LiGHtiNG, inC.",619,215.89672368196494,2020-02-07
AcmE pHaRMAcEUTIcALs,284,187.89125330353068,2019-07-03
"lIghTIng, INC.",683,192.72847071282695,2019-11-19
"firsT-Aid GRaPHiCs, LLc",279,209.86119780619202,2020-08-16
"Panda, llc",619,185.04276796494153,2020-01-22
"pAndA, LLC",192,200.11588301134415,2019-08-14
"LIGhTInG, iNc.",100,217.25136095701603,2020-08-17
"PANDA, LLc",105,191.69230782024457,2019-05-23
"safEtY FIRST, Corp.",347,196.46791359606183,2019-01-14
"SAfety firST, coRp.",746,211.77489912474488,2019-05-14
"lIGhTiNG, InC.",590,204.62102808503576,2020-04-10
AcMe PhARmACeutiCAlS,912,187.78536672437448,2020-04-13
"sAfEty FIrsT, COrP.",238,195.44327459404573,2019-07-20
"FirsT-AiD graphIcs, Llc",844,191.75954033348836,2020-06-10
"fIrSt-AID GrApHICS, llC",518,206.6440355395534,2019-01-08
aCmE PharMaceuTiCaLS,672,184.29010789910194,2019-04-22
"sAfETy FIRST, corp.",893,186.93439122280856,2019-10-30
MEow producTIONS,708,200.10197031331495,2019-03-10
"LiGHting, INC.",554,204.38201231010166,2020-08-13
ACME phARMaceUTIcals,452,206.00682427640095,2020-02-03
"pAnDA, Llc",392,210.69867447641835,2018-12-30
acMe phArMACEUTIcAls,953,210.6022114051762,2018-12-17
AcMe PharmACeUtICALS,735,205.67959330378505,2019-07-11
"safetY firST, coRP.",953,197.2794991464025,2019-04-22
"fIRst-AID gRAphics, llc",683,185.1581967713551,2020-04-25
"paNDA, LLc",753,189.0094263987421,2019-11-27
"FirSt-AiD GraPHICS, lLc",807,186.85565976483844,2019-05-15
"LIGhtIng, Inc.",378,181.3917383098471,2019-12-23
"PANda, llC",909,197.83965150671088,2019-06-17
"FIRSt-AId GrApHICS, lLc",991,180.28921587207304,2019-08-18
"Panda, Llc",819,188.3913216079927,2019-12-14
aCME pHArMACeUtiCALs,277,180.41647593201606,2019-01-07
"lIghTiNG, Inc.",597,183.9727835317443,2019-07-18
aCME PHArmacEUtICaLS,272,218.05865098003164,2020-08-08
meoW prODucTionS,345,188.19777121702714,2019-12-15
mEOw PRodUCtioNs,796,193.94411457413088,2019-09-14
"panDa, lLc",763,216.53885747807806,2019-07-08
ACmE phaRMaCEuTIcals,923,191.87168739370267,2019-10-17
"pANDA, lLC",327,200.55683584686489,2019-02-15
Meow ProDUcTiOnS,571,211.6048182833832,2019-10-06
"lighTIng, iNC.",210,209.80534418971362,2019-08-28
"liGhTiNG, inc.",712,197.59281387232784,2020-08-22
"liGhtiNg, inC.",168,183.0578198624584,2019-10-19
aCMe pHaRMacEuticals,796,195.70097612028877,2019-11-29
"sAfETY firST, cOrP.",831,190.02937530955037,2020-06-11
"fIRst-aId GrAphICS, LlC",405,191.07271274067924,2018-12-29
"FIrsT-aID gRAPHICs, LlC",861,214.63731612813694,2020-02-17
"lIgHtinG, Inc.",530,216.98338291515265,2019-09-13
"saFetY first, coRP.",679,218.8078378965032,2019-05-04
"LIGHTInG, iNc.",700,212.7668851961076,2019-09-27
"panDa, llc",404,210.3392062446778,2019-10-26
"pANDa, llc",225,181.0185393123338,2020-01-02
MeoW pROducTIOnS,343,204.23852185727682,2018-12-24
Acme phArMAceuticalS,339,214.05136332870887,2019-09-28
"LIgHtiNg, inC.",669,183.50691044220045,2019-11-07
MEow PrOdUCTIonS,429,188.93300651269988,2020-07-30
"fIrSt-aID GRaPHIcs, LLc",148,194.23380260207333,2019-11-13
"sAfETy FIRsT, corP.",1000,214.2078182308728,2018-12-02
"LIGhTinG, INc.",438,198.51970284290292,2018-11-27
"FiRSt-Aid grApHICs, LlC",854,191.82930543480865,2019-06-24
MEOw ProdUCtIOns,220,199.56063691199145,2020-02-18
"SAFeTy firsT, COrp.",648,200.34438534974453,2020-08-08
"lIGhTiNG, inc.",644,216.82639201684054,2019-08-20
"paNDa, LLc",552,194.34244649263934,2020-03-08
"pAnDa, Llc",759,182.54834099446668,2020-01-07
aCme PHarmAceutIcaLs,839,206.2332617663099,2020-01-05
"FIrst-AID GRAPhICs, lLC",441,216.1464199257402,2019-10-02
"FirSt-aid graphics, lLC",341,187.2276246957862,2019-09-06
mEow ProdUcTIoNs,189,200.77435002246295,2020-07-26
"saFEtY First, cORP.",133,215.47341502051762,2019-11-04
meOW proDuctiOns,438,219.852779933441,2020-02-27
ACMe pHArMACEuTiCAlS,888,194.1151327786705,2020-06-11
acMe pHarmAceUTiCAls,734,193.4728653462073,2020-05-19
"saFEtY FiRSt, COrp.",116,190.20428602679252,2019-01-17
ACME PHArMAcEutICAls,533,193.34180485018567,2018-12-16
"paNDa, llc",824,200.49361058491652,2019-09-15
MeOW proDUCtIonS,680,195.5765845409999,2020-02-13
"PandA, lLC",164,187.3850901987632,2019-09-25
"safety FirST, cORP.",812,191.83881406409876,2020-04-04
meoW pRoDUCtioNs,647,190.80425011136268,2020-01-10
"FIRsT-AID GraphIcS, llc",787,210.90676225492192,2020-08-18
ACME PharMAceUtiCalS,430,180.06935114510608,2019-01-22
"pANDA, LLC",932,186.73605580235755,2019-01-21
meow pRodUcTiOns,231,215.08316827719474,2020-03-06
"fIrst-aID GRAPHiCs, llC",958,202.22234614197495,2020-05-30
"LIghting, Inc.",556,194.1884715068937,2020-07-20
"FIrsT-aId GraPhiCS, llC",407,212.60963282352498,2020-01-07
"PaNda, Llc",308,193.67323454752034,2020-07-27
"lighTING, Inc.",545,191.37070369508524,2019-09-10
"panDa, llc",543,204.49881912739517,2019-04-28
"sAFEtY FirSt, COrP.",628,215.8607828596707,2020-07-09
"PanDa, LlC",502,200.43771470631532,2020-06-20
"SAfeTY first, COrP.",565,205.20911459969147,2019-08-12
"PanDA, lLc",600,193.99826237255917,2020-01-21
meow PrODUctiOns,438,204.54023070686512,2020-06-02
"lIGhTInG, InC.",907,206.5575261908037,2019-03-24
"FirSt-AiD GRAPHicS, LLC",686,219.96509401782527,2019-08-22
"SafetY FIrST, cOrP.",759,204.45812178984815,2020-08-26
"SafeTY fIRsT, COrP.",138,218.15648827428294,2020-08-05
"fiRst-aid GRAphIcs, lLc",492,211.03413676826418,2019-06-01
acme pHARmaceUtICalS,700,199.8309192567507,2019-11-17
aCmE PHARMAcEuTiCals,597,196.3715675805571,2019-02-16
"FiRST-AID graPhics, LlC",536,214.80775551923784,2020-07-06
"fIrst-aID grAPHics, LLC",119,208.16305829159094,2019-02-09
ACme PHaRmacEUticalS,901,200.0545004498278,2019-06-14
acME PHaRMAceUTicALS,174,204.19555522761175,2019-06-10
mEOW PRODucTIoNS,199,190.9315065758807,2019-06-23
aCme phaRMaCeuticaLs,551,190.86563596623836,2019-11-05
"firST-aID GrAPHiCS, llc",201,201.28982580259645,2018-11-07
ACme pHaRMAceUticaLS,298,210.67371843646913,2018-12-11
"lIgHtInG, InC.",809,194.825509398781,2020-06-05
"LightinG, INc.",638,212.60674181120314,2018-11-03
ACmE pHArMaCeUTiCAls,276,184.54470778224376,2019-07-05
mEoW PrODUCtiOns,376,184.62932432934144,2019-07-21
"PanDa, llc",839,191.4753785752524,2019-09-24
mEow prodUctiONs,716,194.53313855136687,2019-12-18
"PAndA, llc",743,199.40022218885727,2019-07-16
"SaFEty FirST, CORp.",832,187.90419292030649,2020-05-14
acMe PharmACEUTicalS,193,191.44698197728252,2019-04-10
"LiGHTINg, INC.",156,186.6298401900391,2020-08-24
"sAfeTy FIrsT, cOrp.",328,182.40949848361785,2019-06-15
"PANDa, LLc",379,203.37925405475656,2020-04-11
meoW pRoducTIOns,473,205.01305024861077,2019-05-14
"FIRSt-aid gRaPhiCs, llC",918,208.33127939494935,2019-07-30
"LiGhtING, Inc.",441,208.62737638074114,2020-08-22
"saFeTy FIRst, cOrp.",336,217.3066840462538,2020-04-02
"FIRSt-aid gRAPHIcS, LlC",665,186.46811829859874,2019-06-13
"pANDa, LlC",112,208.14047570497914,2019-05-09
mEow PROdUctions,753,181.08632099894132,2018-11-14
"FIrsT-aid GraPhicS, LLc",792,182.29935710869088,2019-09-16
MEOw prODUCtioNs,780,193.30791083202394,2019-05-18
"pAnda, LLC",496,188.56677510251401,2020-08-10
meow pROducTIONs,805,196.77929371161144,2019-09-16
"sAfEty FirST, cOrp.",840,182.5414669099927,2019-03-01
Meow prodUctionS,770,186.4043779040652,2019-04-26
acme pharmAcEutiCaLS,860,217.4225930871088,2019-10-14
"FiRSt-AId GraPHIcS, LlC",701,212.4160577240056,2019-06-07
"FiRst-aId graPhiCS, llC",820,193.3140156333081,2020-02-05
"SAfety fiRSt, cOrp.",358,180.88054637452444,2018-11-18
MEoW ProdUCtIOns,103,215.3776563088557,2020-03-29
"PaNda, LLC",670,199.7851714927756,2020-05-29
"FIRST-aId gRapHIcS, lLC",669,204.40269759012912,2019-02-01
aCME PHARMACEUtICAls,892,201.62599553427128,2018-11-17
"FIrSt-aId gRaPHIcs, lLc",518,194.60233343001406,2019-04-13
ACME pHARMACEuticaLs,783,202.8269830931892,2019-01-13
meOW produCtiONs,315,213.78392087283956,2020-08-07
aCME PhArMAceUtICals,688,195.20332304703769,2019-02-15
"safetY fiRSt, COrp.",751,213.92917698099126,2019-10-24
"PanDa, LLc",439,189.17567131782343,2019-04-26
AcmE phARmACEuticALs,440,187.4414716628303,2020-04-10
"LIghTInG, INc.",584,186.4250246996994,2019-06-15
MeOW prODUCtioNS,981,203.88439516286135,2020-04-12
MEOW prOductIONs,206,197.79794289597552,2018-11-10
MeOw proDUCtIoNS,600,184.90528244531868,2019-03-29
"SAfEtY firSt, corP.",235,208.94241044354243,2020-05-20
"safETY FIRst, cORp.",509,201.73938680888736,2020-07-02
"LIGhtINg, Inc.",303,206.22000212853084,2019-01-31
MeOw pRoDuCTionS,977,182.41683252197973,2018-12-18
"Safety First, cORp.",286,196.74939110066327,2019-05-08
"FiRst-aid GrAPhiCs, lLC",181,202.9848198187322,2019-06-09
meOW PRoduCtiOns,473,182.1421548374618,2019-05-10
mEOw PRodUctionS,542,184.35116375319575,2019-01-30
aCmE pHarMaCEutICAls,381,186.56000437608782,2020-05-28
ACme pHArMACEuTiCAlS,225,211.4614989075254,2019-04-06
"FiRsT-AID GraPhics, LLc",764,187.99125147031592,2019-07-28
MEow PrODuCTiONS,450,208.46733416044535,2020-02-21
"fIRSt-Aid GrAphIcS, llc",414,189.12106557797577,2019-08-10
ACmE pHARmacEUTIcaLs,404,182.64967727656855,2019-04-24
"safETY fiRSt, CORP.",260,216.4301244258786,2019-06-07
MeoW ProdUCTions,472,203.18814848369237,2020-07-24
ACme PHARMAceuticaLs,636,210.0307903055025,2020-07-22
acMe phArmaCeUtICaLs,853,206.84132341586164,2019-08-31
"PaNda, llC",120,183.52286954250619,2019-05-07
aCME PHARmaCEUTIcals,644,193.8478934622674,2019-03-10
"PaNDA, llC",665,205.59608804783855,2019-12-29
"lightIng, INc.",451,185.7078355611332,2019-10-19
"panda, LLc",410,210.09337324155672,2020-01-17
"PANDa, LLc",341,201.53867877519713,2020-01-19
AcME PhARmaCeUTicAlS,961,206.0501690719066,2019-06-06
"FIrST-AID GRaphIcs, LlC",644,194.62753429601054,2019-11-20
meoW pRodUCTIonS,120,183.81191944373043,2019-06-29
"firsT-aID gRAPHIcs, LlC",960,204.0660402354198,2018-11-26
ACMe pHARMacEUTIcALs,710,190.59059357611068,2020-06-16
"FirsT-AId grAphIcS, llC",685,217.14603014985022,2020-04-11
"ligHtIng, INC.",905,192.05156994408281,2019-01-11
mEOw pROduCTiONS,627,197.93691448820192,2019-10-30
"PANdA, lLc",745,193.57970524161783,2019-03-14
"PaNDa, LLC",723,197.10510597540852,2020-04-20
meOW pRoDUCtionS,541,198.5170238469045,2020-01-18
"FIrST-AId gRaPHiCs, LLC",423,183.26589207600597,2018-12-04
"sAFEtY fIrST, CorP.",455,217.83652752596956,2019-04-14
"PAnDA, llc",177,198.56601410915871,2020-07-24
"saFeTY fIrsT, corp.",198,188.39723275538157,2019-01-15
"PaNda, lLc",716,204.64904358841468,2019-03-14
AcMe PHARmaceuTICals,437,209.63595436492835,2019-06-05
"paNDa, llc",576,185.97112226148084,2019-06-23
acME PHARmacEUTicALS,350,208.49713563203633,2018-11-25
"PANDA, Llc",624,202.97977003783507,2019-07-03
"paNda, Llc",916,202.8376625437341,2018-11-09
AcmE pharmaCEUTIcaLS,648,215.7162988037872,2020-08-06
aCme PHaRMAcEUTiCalS,882,215.43130157759555,2020-02-16
"SaFeTY FIrSt, coRP.",125,192.61391719216311,2018-12-26
AcMe phArMaCEutiCalS,895,196.43074615844023,2020-05-23
"FirST-AID GRAPhICS, LLC",786,185.22216355030537,2018-12-01
ACMe pHarmaCEuTicaLs,359,181.9927197392914,2018-11-25
"PaNda, Llc",680,185.32452720295294,2018-12-25
"lIgHTiNG, iNc.",248,204.22385578251658,2020-07-12
"liGhtiNG, Inc.",563,219.58159650467672,2019-09-17
"sAFETy First, CORp.",976,209.7244861706965,2019-12-13
"safetY fIrsT, Corp.",833,211.77567739838068,2020-02-07
"pANDa, LLC",331,184.8908672934725,2019-05-25
MeoW PRoduCtiOns,880,207.33345167194153,2019-12-31
"FirSt-AId GRAPHICS, llC",157,209.2343312708201,2020-01-08
ACme phArmaCEUtICAls,147,199.80308860665122,2019-04-07
"SAfETY FIRsT, CorP.",584,200.2152533680283,2019-12-18
"lIGHTIng, inc.",141,180.90307871724656,2019-03-11
"lighTiNG, INc.",156,202.10370625509512,2019-07-02
"lightinG, InC.",562,204.59951793947863,2019-04-09
meOW prODUCTIonS,402,185.21755233365843,2019-10-06
acmE PhArMACEuTICaLS,567,214.845370317952,2019-06-11
"paNDA, LLc",325,192.43252891394582,2020-04-02
ACME PHaRmaceUTiCalS,712,195.0036489297448,2019-11-24
aCme PharmAcEUtICALS,509,212.96645884916813,2020-05-12
ACMe PHARMACEUtICalS,805,212.4317948426072,2019-01-25
"SaFETY FIrsT, CORP.",849,190.29598555041738,2019-07-27
"LIgHtiNG, InC.",711,216.71203385332453,2019-01-04
"fiRSt-aiD GRAphICs, llc",461,204.74084006534122,2019-08-16
meOW prODuCtIONs,841,205.41207351757765,2019-05-23
acmE pHARmaceuTicAls,888,215.38985134066698,2020-04-30
"PaNda, lLC",127,190.48475353800455,2019-03-19
"fiRST-AId GRAphiCS, LLc",676,181.65132079987583,2020-04-02
"FiRst-AId grApHicS, llc",768,198.20923454762078,2019-10-12
acMe pHARmaCEutiCALS,460,180.51926528407333,2018-11-17
MeOw pRoDUcTiONS,862,201.2240561032932,2020-02-24
"safety fIRST, cOrp.",686,190.12082617887606,2019-07-16
mEOw PRoDuCTIONs,707,198.43250846801456,2020-08-04
"liGhtiNG, INc.",611,186.69137528777114,2019-07-15
"PAnDA, lLC",720,189.58365459113003,2018-11-15
Meow PRODuCtIONS,794,200.65393927813145,2019-02-20
mEow PROduCtIOns,414,215.69350628305887,2020-05-13
"SAfeTY FirsT, COrP.",602,184.60819867363853,2019-07-08
"pANDA, lLc",114,218.74622782814424,2019-02-15
MeOW pRodUCTIoNS,576,181.34727948376315,2020-07-15
"LighTInG, INc.",918,192.83322872279695,2019-05-21
AcMe pHARmACeUTICalS,171,196.17055402501006,2018-11-21
"SaFeTy fIRST, cORp.",932,200.74235592019915,2019-08-04
"ligHtInG, INC.",598,192.7894465617766,2020-01-15
"LiGHTiNG, INc.",176,189.4511179291321,2018-12-17
ACme phARmACEUTICALs,460,189.07516611134776,2020-03-07
"lIghTiNG, iNc.",404,192.9578805545552,2020-05-26
"fiRST-AID gRAPhIcS, lLc",705,206.64760320006394,2020-06-23
meoW prODuCTions,360,183.8909654027841,2019-12-01
"pANDa, LLc",140,199.47270389046642,2020-06-21
"saFETy First, cOrp.",680,203.7495024711664,2020-07-30
MEOw proDuctIoNs,933,194.68991415052272,2019-12-17
"PAnDA, llC",421,207.2579706420306,2020-06-22
"lighTinG, iNC.",213,212.6418623380697,2019-09-05
"pAnDa, lLc",328,216.41424086949138,2020-03-27
"FirsT-Aid GRAPHiCs, LLC",354,214.86895914765768,2019-10-05
"first-aId gRaPHiCs, LlC",959,214.62834301656008,2019-04-15
"firsT-aId GRaphICS, LLc",206,202.52486739375362,2019-12-16
Meow PrOduCtIOnS,475,208.82773913033964,2020-02-29
"lIgHTING, Inc.",227,197.52965551828348,2019-10-10
"FIrsT-aID GrAphICS, llc",602,181.78578346674618,2019-09-13
"lIghtIng, iNc.",835,198.39301653884337,2019-02-20
MEow prOdUctiOns,940,200.5860066469122,2019-03-10
mEOw PRODucTioNs,952,219.3918690328396,2019-09-28
MeOW pRoDUCtIons,886,187.08467808917317,2020-06-25
"SAFETY FirSt, cOrP.",436,193.80550432495235,2019-07-12
"FirST-aid gRaphICs, Llc",694,187.6777476394181,2020-05-12
"SAfEty FIrst, cOrp.",458,201.01445127026562,2020-06-02
"sAFEty FIrST, cOrp.",771,211.8446232837261,2020-06-24
MEOW PrOdUctioNS,539,212.0277095092845,2019-06-24
"sAFETY fiRst, Corp.",475,195.08337395878718,2020-08-20
"panDA, llc",735,192.1658287046091,2019-12-09
"PandA, LLC",819,196.771688038281,2020-06-03
aCME phaRMaceuTicals,572,197.3419398993202,2019-04-26
"LIGHtinG, inc.",109,218.57158827091735,2018-12-11
Meow proDuCTioNs,529,193.22615347299273,2018-12-27
acMe PHarMACEUTiCals,617,216.176997391445,2020-06-21
"FIRST-aID gRAPHics, LLC",647,180.02747808625602,2019-11-09
mEow PRodUCtiOns,827,216.65955131689793,2019-03-01
"paNDa, Llc",430,206.3997561827339,2019-04-22
acME PHArMacEuTicALS,391,208.56140692194927,2019-05-23
"PaNDA, LlC",545,218.62628683526387,2019-02-25
"fIrst-aId GraphICs, llC",156,210.59683643755227,2019-04-04
"FIrST-aid GRAPhics, LLC",987,192.42354440557216,2018-11-06
"FiRst-AiD grAphiCS, LLc",212,194.1507099996459,2019-03-03
"safety FIRst, coRp.",511,194.71757968779175,2019-05-18
"fiRsT-aID GrAPHicS, lLC",639,217.2137276227355,2019-11-08
"FIrST-aId GRapHics, LLC",618,211.69043820789466,2020-07-02
"FIrSt-aId GRaPHIcS, llc",826,180.66853332358417,2018-11-16
acmE pHArmACeUTiCalS,744,214.4237844857551,2019-09-03
meow proDUctiONs,550,182.89417253688487,2019-08-23
"saFETY fIRst, coRp.",493,192.34848485940051,2018-12-10
"lIgHTINg, Inc.",643,180.0757598733037,2020-01-23
"saFEtY fIrsT, COrp.",819,195.51767221462748,2020-01-25
ACmE pHARMACEUtiCals,303,206.727830167171,2019-08-05
"fiRSt-aid grAPHicS, llC",157,199.59949690908815,2020-03-13
"firsT-aID GRaPHiCs, lLc",465,180.2906369846255,2020-05-09
"lighTING, INC.",313,211.36537728650623,2020-07-20
MEOw PrODUCTiOns,193,212.74500464638064,2020-08-26
mEOW produCTioNS,754,182.8537609711473,2019-11-29
"FIRsT-AiD grAPHiCs, llC",289,191.740949324289,2019-10-25
mEow pRODUcTioNS,493,183.708256975523,2020-02-17
"LIghting, InC.",505,216.34888570352362,2020-01-04
"sAfety FiRST, CORP.",488,189.29545841578297,2019-10-22
"lIGhTINg, inC.",880,212.02499896042562,2019-09-30
"sAFeTy FIRst, coRP.",986,188.0192702768813,2019-12-08
"lIGHtINg, INc.",846,203.70237164277523,2020-07-10
"fIrSt-AID GrAphiCs, lLc",100,212.34862423280674,2019-12-14
AcME PHaRmAceUticAlS,435,205.22884847283282,2020-01-04
"paNDA, Llc",844,207.14322470086196,2020-08-13
mEoW ProduCtiOnS,264,210.019007491178,2019-12-18
"SafEty fIRSt, CoRp.",438,210.61924349972972,2019-12-22
"FIRST-aID gRApHiCs, LlC",157,193.29841653664428,2019-04-11
AcME PharMACEutIcAls,302,183.19623427354566,2020-04-18
MEOw producTIONS,162,207.0081252072509,2018-12-27
"FirsT-aiD grApHIcS, LLc",205,210.43567383625995,2019-07-01
"fiRST-AId GrAPhicS, lLc",976,192.27431739686904,2018-12-23
"safeTY FirsT, cOrp.",508,201.9949027436114,2020-03-15
"sAfEty fIRSt, CorP.",927,214.90047951523798,2019-08-19
ACME pHArmAcEutICALS,671,217.5636970850325,2020-06-08
"SAFeTY FIrSt, CorP.",719,197.222622583805,2020-04-06
ACME pharmACeUtIcALS,170,205.49979128790304,2020-02-18
meOw PrOdUctIons,659,219.50635712916696,2020-03-17
"pANdA, LlC",423,190.76296869997242,2020-05-02
"FiRsT-aID grApHicS, LlC",473,209.48316899544048,2018-11-20
"SAfetY firsT, Corp.",928,197.98756123913446,2019-03-15
"LIghTING, iNC.",444,184.31838200879963,2020-03-08
"ligHtIng, inc.",408,181.0375597028758,2019-06-08
"LigHTIng, inC.",445,209.68396646746683,2020-05-09
"fIrST-Aid GRApHICs, llc",332,192.2479039617407,2019-10-30
"First-aId gRapHICS, Llc",601,190.73821590952207,2020-03-12
aCmE pHARMAcEUTiCALS,630,216.03001326828448,2020-01-17
MEOW PRoDUCtiONs,207,208.69574369804414,2019-03-05
acMe PhArMAceUticaLS,508,194.13584380363037,2019-03-11
"pANdA, llc",336,193.91310906532692,2019-08-26
AcMe pHaRMAceuTicaLS,513,184.63715396932938,2020-02-13
"sAfEty FiRst, CORP.",871,214.01784923710392,2020-04-03
"FiRST-AiD GRaPhiCS, llc",977,181.98810841000744,2020-04-07
"pAndA, LLc",548,184.05700685209092,2018-12-23
"pANdA, LLC",999,198.5065960421237,2019-02-23
"pANda, llC",108,188.72174082451022,2020-03-31
"SaFety fiRST, CORp.",716,189.4333550597119,2019-02-06
AcME PhARMacEUtiCALS,381,217.2490151565072,2019-02-25
aCmE PHArmaCeUtIcalS,242,196.9899818419497,2019-06-09
"liGHTINg, INC.",160,209.17943512227353,2019-05-15
meOw PRodUCtIons,342,215.40762136986763,2019-12-22
MeOw PROdUCTIons,141,185.90271074995655,2019-02-21
"FIRSt-aID GrAPhiCs, lLc",232,217.82864225803263,2019-06-26
"liGhTInG, InC.",195,206.523307719655,2020-07-10
acMe phArMacEUtICAlS,727,216.54891405618412,2019-12-13
"pandA, LLc",159,205.97583012617332,2020-02-14
"lIGhTiNG, INc.",374,186.93859000838995,2019-11-23
"SafeTy fIRST, coRp.",676,209.0021958357315,2020-02-18
"FiRsT-AId gRaphiCs, LlC",578,196.25609835864776,2019-12-14
meOW PRODUctiONs,431,207.55707905228525,2019-07-10
"FIrsT-AId gRaphics, Llc",452,193.9543246565509,2020-04-23
ACme PHarmAceuTicaLS,399,192.65008744047933,2019-01-31
"SAFETy fiRST, cORp.",870,212.07597221415523,2020-02-10
ACMe PHArmaceUTicaLs,706,198.02064534364828,2019-12-04
MEoW pRoDUcTiOnS,204,218.46132272638144,2020-02-13
"fiRST-aID grapHics, llC",468,205.22395361528874,2019-01-02
aCMe PhARmACeuTiCAlS,658,213.28314059539724,2019-10-31
"safETy fIrst, corP.",547,196.83283389251363,2020-03-08
"firST-Aid gRAphIcs, Llc",605,218.39234701585968,2019-10-18
acME PhARMaceUTiCaLS,618,219.6858957076441,2019-08-05
"lIghTInG, iNc.",480,211.5372172338753,2020-02-13
"FirsT-aiD gRAPHIcS, lLC",907,181.40170654398102,2019-06-14
acMe phARMaceuTICalS,604,187.23515545432028,2019-01-10
"sAfeTY fiRst, corP.",106,200.74494336576998,2019-02-15
mEow ProdUCtIONS,443,195.2325646649096,2019-05-22
aCMe pHArMaceuTiCALs,442,206.80358369570484,2019-11-25
MeOw PrOductions,556,195.6378931970146,2020-06-17
"FIRST-AId GRAPHIcS, llc",439,199.6067840756528,2019-04-06
acmE pHArMaCEUTICaLs,729,196.62975478810517,2020-02-26
"LIgHtiNG, INC.",393,219.31924951463967,2019-01-11
"LIGHting, iNC.",763,206.13084962781613,2019-05-02
"LIGhTIng, inc.",106,218.93876238124582,2019-05-20
"safetY FIrSt, CorP.",592,201.04778428706229,2019-08-08
acME pHARmACeUTIcaLS,989,186.11356944331794,2020-03-07
"fIrSt-aid grAphICS, LlC",495,208.60807590538133,2020-06-10
"pANda, LlC",883,191.14461645172796,2019-12-26
"safEtY fiRsT, coRP.",309,214.77297697583793,2019-07-22
Acme PHArMACeuTiCAls,263,180.13139165062458,2019-08-13
"fIRSt-AiD GraPHICS, LLC",955,213.0700601405789,2018-12-08
"LIgHTIng, inc.",534,193.48253524623112,2020-07-01
"firSt-aiD GraPHiCs, Llc",892,218.5510249022069,2020-08-19
"panda, llC",638,218.37190570525746,2020-04-25
mEOw pRoDUctioNs,664,204.96228343303872,2019-07-30
"saFETy fiRst, corP.",460,189.35800007473952,2020-05-15
Meow pRodUCtioNS,908,207.98972166199965,2019-04-24
meoW PrODUCTions,360,181.73393381169745,2019-05-24
"PaNDA, lLc",161,183.46147313241735,2019-08-05
"safEtY FIrst, CoRp.",105,217.01808716446513,2019-06-25
acme pHARMAcEUTicaLs,137,186.59225612838065,2019-06-26
"PAnda, lLc",206,207.31643857261173,2020-03-08
"fiRSt-AID GRapHIcs, LLc",899,219.66111414666577,2019-02-22
"Panda, LLc",721,205.4941508428435,2019-10-08
mEoW PrOducTIONS,123,201.7905250260393,2018-11-09
"LigHtInG, InC.",841,207.60819595550677,2019-08-08
"PAndA, LlC",179,207.63105277234698,2020-02-01
"SAfEty FIRSt, coRp.",253,202.3986300911618,2020-05-17
"panDA, llc",379,190.31403044803338,2020-05-27
MEOw PROdUCtiOns,914,207.56508884172996,2019-09-19
"sAfety fIRST, CORP.",375,201.62137085943303,2019-04-12
"saFETy First, coRP.",871,210.4259792386347,2020-07-14
"PandA, LLC",734,202.9428027774526,2019-02-28
"pANdA, LLC",299,214.2363154380311,2020-04-05
"SAfety fiRSt, CORp.",133,210.705318582434,2019-03-30
AcmE PhARmaCEUTICALS,880,182.55248184007056,2019-10-08
"sAFEty fiRsT, corP.",367,206.2599990052633,2019-07-20
"panda, Llc",912,202.6402303079675,2020-03-29
"fiRst-AID GrAphiCS, LLC",250,182.3920013940793,2019-03-12
MeoW PRODUCtIons,150,187.33690291265455,2019-10-07
"PANdA, Llc",628,216.69546022519552,2020-06-06
"sAFETy FirsT, CORP.",610,197.12438674195926,2020-07-23
"FirsT-aId GRApHICs, lLc",630,203.48961758348705,2019-07-13
"LigHtiNG, inc.",439,183.64367972174,2020-06-18
acMe pHaRmAcEUTicALS,438,200.93404108990893,2019-05-05
"safEtY fiRst, Corp.",997,213.5901659174989,2019-06-14
aCME PharmaCeUtICals,807,196.85526278639222,2018-12-13
mEoW PRoDucTIONS,748,193.67103274874222,2020-05-29
"lIGhTinG, INc.",866,203.93763973186967,2019-12-05
"FiRST-AID grapHiCs, lLC",817,218.43753940093762,2020-01-01
"SaFeTY fIrST, CorP.",900,198.6205227827218,2019-01-01
"fIRsT-aID GraPHICs, lLC",646,203.51431185590292,2019-02-17
"safeTY FiRst, coRP.",241,185.23526499276912,2019-12-11
"safety fiRSt, CORP.",529,215.7529295215358,2020-01-20
mEOw PRoDUcTions,278,198.03046814046607,2020-06-28
"pAnDA, LlC",294,205.7440917721759,2019-05-07
aCME PHarmaCEUTicaLs,234,198.27929128336194,2019-12-19
mEOw pROduCtIoNs,252,194.34947976288788,2020-06-09
aCMe pHaRmaCeUTiCALS,900,214.21611045288802,2020-01-03
AcmE phaRmaCEutIcaLs,999,203.6264961602214,2020-04-07
"PanDA, Llc",916,196.3741730122508,2019-04-05
"paNDA, LlC",686,193.94167196345586,2019-06-12
"pANDa, Llc",235,192.27552805510464,2019-08-04
"LiGhTING, inc.",266,187.14597682391394,2020-07-08
Acme PhArmAceUtIcalS,709,183.02238182261272,2020-05-24
mEOw ProduCtiOns,949,198.93040644116522,2019-07-23
"saFEtY FiRst, CORp.",136,208.54596861285512,2019-11-29
MEOW PRoDUCTIoNS,389,208.69477790230508,2020-03-23
"paNDA, LLc",466,195.53940424594217,2019-12-11
"sAfetY fiRST, CoRp.",141,218.25002267415968,2020-01-06
"FiRSt-aiD gRapHICS, LLC",524,191.38065617411362,2019-06-02
MEOw proDUctIOns,421,215.84790830422898,2020-04-01
"LigHTIng, inC.",916,195.44309378407016,2020-07-06
"LIgHTING, iNC.",934,192.06784595566796,2019-05-25
aCME phARmaCEUTiCAlS,639,205.72654497855447,2019-10-29
"SaFeTy FiRsT, COrp.",675,200.00611145728357,2019-08-12
"FiRst-AiD graPhiCS, LlC",199,211.19959308032998,2019-07-27
ACME PharmACeuTICaLs,477,218.37260372530102,2018-12-07
"paNDA, llc",769,205.55356078017923,2018-12-21
"LigHTING, iNC.",570,204.18738397963807,2019-07-27
AcMe PHARmAceUTiCAls,982,183.47601789360698,2020-06-09
"fIrsT-AID GrAPhICS, LLC",966,188.9709775141441,2020-07-31
"SAfETY FIrsT, cORP.",158,181.35666217374998,2020-04-05
"fIrST-AID gRaphIcs, lLC",606,185.0113913202952,2019-10-07
"pandA, Llc",648,191.75412315407712,2020-04-01
MeoW PrOdUCTIOnS,908,190.16294190415243,2018-12-14
mEow proDUctIoNS,835,195.05041901041264,2019-07-23
"firSt-aId GRAPhICS, lLC",503,180.27763410627955,2019-03-28
"liGHtiNg, Inc.",959,212.25260120247356,2018-12-07
AcME pHARmACeuticalS,515,191.25966238475186,2018-12-01
AcmE PHARmacEUtICals,963,208.25046688098,2019-05-17
acme PHARmAcEUtiCALS,353,184.3227335992115,2019-06-14
MeoW PrODuCtionS,732,218.13547417247514,2019-06-29
mEoW pROdUCtiOnS,964,217.96712493512382,2019-01-02
"paNdA, LLC",194,181.94226557882325,2020-01-30
"paNDA, LlC",573,184.36595480972937,2018-12-27
"lIgHtiNg, INC.",905,218.4515189895123,2019-09-07
MEOW pRODUCtIoNs,484,203.48059641802257,2019-09-12
AcMe PHArmaCeUTIcals,637,216.0933182027091,2019-09-10
aCMe PhARMACeUtICalS,127,185.65583103127148,2019-04-29
"FIRst-Aid gRAphICs, llC",298,210.14358265082785,2020-03-24
mEOw pRoducTioNs,634,181.23470013759226,2020-04-20
"pAndA, LlC",292,190.37285081510768,2019-07-25
MEOw pRODuCtIOns,190,185.61969455184885,2020-03-05
"Panda, lLc",779,213.56291538868686,2020-07-13
AcMe pHaRMAceUTiCaLS,305,193.87855450334268,2019-06-07
"PaNDA, lLc",748,186.21221629875313,2019-05-29
"LiGHtInG, inc.",879,190.84523620371982,2019-09-01
"sAfETy FIrSt, corP.",348,207.95083930033655,2020-05-31
"safEtY FirsT, CoRp.",370,186.607409208504,2020-07-18
"pandA, lLC",333,191.28012051009148,2019-11-22
"SAFeTY fIrsT, CorP.",978,192.66436577309332,2019-06-29
"pAnDA, lLc",565,216.8202439898992,2020-04-04
"FirsT-AId GRapHIcs, lLC",888,194.99043362595594,2019-10-22
"PandA, LLC",912,199.5610728754259,2020-04-16
"SAfEty firST, CorP.",716,209.63013470388526,2019-11-03
"paNdA, LlC",610,206.59158428051498,2019-07-31
"saFety fIrst, COrp.",996,199.3686458308137,2018-12-26
MEOW PRoduCtIoNs,559,217.72789660303243,2019-12-11
MEoW prODUcTIons,916,189.79638277366143,2019-12-24
"firSt-aId GrAPhicS, LLc",851,195.29236061311744,2020-06-30
"SAfETy fiRst, CORP.",145,195.67187549252534,2019-03-31
mEoW PrODuCTioNs,342,192.62271940379807,2019-08-13
"LigHTiNg, inc.",957,192.95043703443878,2019-07-29
MeOW prODUCtioNS,459,217.5500780402292,2019-04-24
"SafEty fiRsT, CorP.",969,208.846741532142,2019-08-28
MeOW pROdUctiONs,764,185.4733274805147,2018-11-29
"firST-aid gRAphiCs, lLC",981,195.88802597682792,2020-04-01
"LigHtIng, inc.",903,206.78927939148957,2019-05-16
"PaNDA, LlC",781,218.91044215741567,2019-10-03
"FIrSt-aId GRAPhIcS, LLc",874,207.93796518704724,2019-07-18
"fIrSt-aID grAPhiCS, LLc",203,214.5048602396978,2019-03-14
ACME PHaRmaceutIcaLS,750,189.6998691938546,2018-12-26
"SaFETY FIrST, CorP.",964,213.61111136262787,2020-03-21
"Panda, llc",139,217.20346593790435,2019-08-08
"pANda, llc",708,210.75160293853145,2020-05-19
"LiGhTiNg, INc.",660,183.04634056661607,2018-11-11
"LigHtINg, inC.",238,182.62284165914366,2020-08-18
AcMe pharmACeuTICAls,849,217.99227588789523,2019-09-26
meOW ProdUCTiOnS,933,214.34160498986282,2019-11-04
AcME PHARMAcEuTiCaLs,622,218.2088616793834,2019-03-23
"PaNda, LLc",950,186.0827437228492,2020-03-02
"fIRst-aId GRApHICS, LLC",154,212.70357548590576,2020-02-27
meOw pROductioNs,835,205.31699766169808,2019-04-18
"sAFeTy first, corP.",347,190.31436644285054,2020-04-17
Acme PHArMaCeUtIcaLS,341,186.35126628319748,2020-04-06
mEOW pRoductIons,513,198.540711383438,2019-01-17
"LIGHTinG, inc.",536,217.69203315963097,2020-02-17
"paNdA, lLc",824,213.17429014317415,2019-03-15
"fiRst-AId GrAphIcS, lLC",503,180.95453167015054,2020-04-07
"sAFEty fIRST, CoRp.",909,192.40426779167126,2019-04-26
Acme PharmACeUticAls,795,195.52350748213567,2019-10-11
"fiRst-AiD gRAphICs, llC",155,206.32085120188046,2020-03-05
"first-AId GrAPHicS, lLc",722,205.58638436025743,2018-12-17
mEOW PRODuctIOnS,678,189.43874753343837,2019-01-19
Acme phArMACeUTiCaLs,734,205.11890225109406,2019-04-08
aCmE PHaRmAcEutICALS,329,196.7135558791665,2020-03-04
"FIRst-aID GraphicS, lLC",507,210.722411393351,2019-12-18
meOw PRoduCtIONS,771,204.309816545564,2020-02-03
aCmE phARmACEUTicaLS,810,192.55452675493316,2020-02-21
MeOw PRODuCTiONs,265,199.136798407658,2019-06-07
"panDa, LLC",890,187.57924564165424,2018-11-22
aCMe PHaRmAceUTicaLS,342,190.70058622817157,2020-03-12
"safEty FIRst, cORp.",652,181.89906648062177,2019-11-14
MEow PrOdUCtIons,865,188.63643431485806,2019-11-24
"lIghtIng, inC.",395,208.8574266447208,2020-08-23
"SaFeTy FIrSt, CORP.",343,190.74413884259656,2020-03-16
"safEty firST, CoRp.",776,207.20846606600293,2020-01-21
"pANdA, Llc",950,181.1924519520399,2020-04-10
"LIgHtiNG, inc.",497,189.03447388266358,2020-06-17
"paNdA, LLC",243,207.31031427213836,2019-02-25
"LiGhTiNG, InC.",887,199.8645288306952,2018-12-15
aCmE pharMAceuTIcals,691,211.21353923485273,2019-05-08
"ligHtINg, inC.",493,203.56956224469548,2019-04-22
"saFETy first, Corp.",542,216.29390697532884,2020-08-20
mEOW pROducTIons,670,191.8160393729467,2019-12-28
"LigHtiNg, InC.",449,184.50227375083733,2020-05-31
"LiGhtiNG, Inc.",204,194.74363353218916,2019-11-17
"fIrSt-AId graPhicS, LLC",792,183.3772345733461,2019-06-23
"LIGHtinG, INC.",370,184.84616731381107,2019-03-14
"PaNDa, LLc",293,204.38543474606297,2019-08-27
"paNda, llc",899,195.9853994912245,2020-08-08
"fIRSt-aID gRapHics, llc",277,203.42534338718266,2019-08-19
"FIrSt-aiD graphICs, llc",250,189.87505128805222,2019-01-13
ACmE phARmaCEuTiCals,728,182.78857933142672,2020-07-25
"fIrsT-AiD grAPhICs, llC",965,197.7605681391196,2019-06-12
mEOw ProdUCtiONs,188,183.87611399965328,2020-03-17
"LIGhtiNg, INc.",104,214.8455805256929,2020-01-24
MEow ProDuCTiOns,426,188.70171268608473,2018-11-23
mEOW pROductiOns,912,190.7069158451457,2019-03-13
"fIRST-AID GRAPHICS, lLc",599,187.64370947111223,2019-04-30
"LIGHTing, Inc.",422,218.97990827343398,2019-12-14
aCME pHARmAcEUTICaLS,535,191.35559115661263,2019-11-12
"fIrst-Aid grAPhics, LLc",992,181.12189338679508,2018-12-13
"saFeTY firST, CORP.",884,198.0991761602775,2020-02-20
"firsT-aiD GRAPhIcs, llc",179,201.68549519128584,2018-12-14
"lIghTing, Inc.",777,209.23195088779022,2019-12-30
"SafETy first, CoRp.",382,183.82174437935586,2019-07-08
"FIrsT-AId gRApHicS, lLC",513,215.4310207381719,2019-03-16
aCME PHARmAcEutiCALs,948,192.54043117181024,2018-11-27
"liGhTiNg, iNc.",841,193.92340259805758,2019-08-14
"SAFEtY FIrst, CoRp.",666,194.12578067013396,2019-12-16
MeOw PRODUctIoNs,819,182.76035363884185,2019-07-31
"LiGHtIng, inc.",417,213.30431839659047,2018-11-02
"saFETY FIRST, coRp.",747,206.43015180181675,2019-08-15
"sAfEty FIrsT, coRP.",842,192.84512985596237,2020-06-12
"sAFEtY fIrSt, CORp.",898,204.96983973804413,2018-11-17
"panDa, LlC",790,217.44029956791945,2019-06-03
"LIGHTINg, Inc.",328,196.8416026285442,2020-01-23
"paNda, Llc",562,212.69773380275248,2019-03-06
"PAnDA, llc",666,212.366745106907,2019-11-03
"saFetY FIRSt, cOrp.",388,211.81851353387006,2020-06-13
"PandA, lLC",866,219.01035760208822,2019-02-27
"panDA, LLc",126,208.71429624698197,2019-05-29
"PanDa, Llc",600,189.5991467734061,2019-04-02
acmE pHaRMaCEutICAlS,796,183.459613667557,2020-07-26
"fiRSt-AId GRapHicS, LlC",384,211.6350527180985,2019-11-12
"PaNda, LlC",169,182.5095604720623,2019-10-09
"pAndA, llc",332,186.05304993009844,2019-12-12
"safETY fiRSt, COrp.",619,196.90948583395746,2020-03-15
"SAfEty FIrst, COrP.",552,213.5316515369122,2019-06-12
"saFEty fIRsT, cORP.",280,212.85006562128012,2019-05-29
"LigHtiNg, INC.",595,190.92488719449352,2019-07-26
"FIRSt-aId grapHiCs, lLC",871,200.96879037602125,2019-02-05
"FIRST-AId grAphicS, llC",940,197.59287046895463,2020-07-13
"fIRST-AID GRapHiCS, LLC",864,197.11709724575823,2020-04-02
"lIGhTInG, iNC.",644,212.8248767374801,2020-02-07
"FIrst-aid gRAphICs, llc",921,207.630533234719,2019-10-08
"PANDA, llc",280,207.5031286173503,2019-09-15
"pAnda, llC",979,195.35071237776654,2019-12-26
"sAfeTY FIrST, CoRp.",570,218.45866437746074,2020-01-29
AcME pHArMacEuTiCalS,488,195.78008597200179,2019-11-08
"saFEty fiRst, CoRP.",141,186.91088201989126,2019-02-11
MEoW prODUctIoNS,259,219.7280712553755,2019-01-06
"lIGHtINg, inC.",263,214.22318251986871,2019-06-30
"fIrSt-AId GrAphiCs, lLc",245,183.88545975859333,2020-06-05
"FIrsT-Aid graPHics, llC",846,214.3480358341148,2019-12-26
"SAfEtY FirsT, cORp.",620,189.04462220856814,2020-02-20
"SafeTy fIrSt, CorP.",714,186.26301161917013,2019-11-30
MeOw PROduCtioNs,308,190.5827290241671,2019-09-30
"safetY fiRSt, corp.",188,197.13623242752902,2019-02-16
"FirsT-aID GrApHIcS, Llc",400,207.55787069847284,2020-02-05
mEoW prodUCTIONs,407,202.80221993304187,2020-03-16
mEOW pROdUctIONs,672,195.23206454237763,2019-10-04
"sAfetY fIRST, COrp.",953,182.78861028303996,2019-04-26
ACmE PHaRMacEuTICAls,514,217.26111331666624,2019-08-20
"SAFEtY fiRst, cOrp.",409,193.57045480633465,2020-06-19
aCme PhArmaCEuTIcals,637,206.37032076510337,2020-02-28
"FirSt-aId GrapHICS, llc",900,199.7987400206207,2020-04-04
"LIgHTInG, Inc.",184,196.75256315595033,2020-02-26
"lightinG, Inc.",171,187.1829923845127,2020-08-05
"pandA, Llc",790,193.9377020931452,2019-12-25
"fIrsT-AID GRAPHiCs, lLC",897,218.22028874981265,2020-07-27
acME pHarMAceutIcALS,578,215.8726976040366,2019-01-04
"PaNDA, LLC",358,199.1704829371179,2018-11-24
aCmE pHARMAceuTiCAlS,494,200.1040746701456,2019-04-14
"PAndA, LLc",681,202.65894627420556,2019-09-18
"FirsT-Aid GraPHiCS, LLc",539,214.87060345625326,2019-02-14
"saFETY firSt, COrp.",763,184.32283826636345,2019-03-28
"liGhTing, iNC.",726,190.34124350071875,2019-08-09
"sAFETy FIrST, Corp.",706,213.77935044331008,2020-03-06
"FirsT-aId gRAphiCs, llc",649,218.17487397004814,2018-12-06
aCME PhARmACeUTICalS,863,199.0921282325652,2019-07-04
"LiGhTinG, inc.",539,183.5531392662086,2019-11-26
"SAfetY fIRst, cOrp.",637,185.67588418214413,2020-03-20
"safETy FIrST, cORp.",155,212.47804556395187,2020-05-13
"PANDa, llc",127,188.30791038448777,2018-12-10
"FIrst-aID graphIcS, llc",528,197.89723749385968,2020-03-27
meOW PRODUCTionS,173,189.80728572513078,2019-03-21
"pAnDA, llc",187,205.49562627635865,2019-01-29
"fIRSt-Aid grAPhiCS, llC",977,195.8833708721396,2020-06-01
acME PHaRmACEUTICals,533,199.8258406535656,2020-01-03
"pANdA, LlC",957,210.1015661116503,2019-01-29
"firST-AId grApHiCS, LLC",569,189.5011720830204,2019-07-01
"liGhtiNG, iNc.",547,199.05912395503773,2019-10-10
"sAFETY fIrST, cOrP.",254,189.34400110089285,2019-07-30
"fiRst-aId grApHICS, LLC",817,208.86463371332025,2018-12-07
acme phARMACEuTIcals,476,188.0993220286153,2019-05-22
"liGHTIng, Inc.",384,210.24001121507305,2019-02-01
"PandA, Llc",589,189.60525410881615,2019-04-07
aCME pHARmaCeUtIcaLS,708,204.5456803963767,2018-11-30
mEOW pROdUctions,643,195.37260765210175,2019-04-05
MEOw prOductioNS,191,210.35222659234813,2020-07-07
mEOW pRodUctiOnS,961,200.256543525061,2019-07-20
"FIrST-aiD GraPHics, LLC",936,210.32533948163717,2020-02-09
"fIrST-AID GRaPhIcs, lLc",570,185.63992638167414,2020-05-13
"Panda, lLc",487,214.15307226502352,2019-11-17
meow PrOdUCTIons,849,186.83281643753142,2019-06-13
MeOW PrODuCTIonS,192,195.8339018538855,2019-02-24
acmE PHARMacEutICaLS,609,208.00622205427763,2019-04-07
"LIghting, inc.",122,207.91614417452527,2020-07-27
"firST-aiD gRAPhIcS, Llc",305,191.85368561257118,2019-05-26
MEOw ProDUcTiONS,319,211.99931043555566,2019-09-15
"lIgHTiNG, iNc.",998,217.201104734526,2020-01-15
"panda, LLc",546,199.24476745936175,2019-05-26
Acme pHArMACEUtIcAlS,512,210.21545585383555,2019-07-30
"SAfety fIRSt, CoRP.",797,219.22722987074587,2019-05-01
"fIrst-AId GraphIcS, LLC",123,213.2734546482702,2019-08-03
"pAnda, llC",232,187.52387926938275,2019-09-05
AcMe PhaRMAceuTicALS,117,195.327784269305,2019-03-20
ACme PhArMaceUTICALs,602,186.47721633737285,2019-02-20
"fIRsT-aiD GrAPhICS, llc",156,193.4166014712695,2019-05-27
"PAnDa, llc",927,195.2269111264865,2020-06-28
Meow pRODUctIOnS,291,184.22667674618174,2018-11-30
mEow pRoDUCTioNS,590,194.70723165964492,2019-08-08
"LiGHtiNG, iNc.",198,198.066582904033,2019-08-09
"saFEty FIRSt, cOrP.",842,219.9773495804908,2020-08-17
"pANDa, LLc",797,201.8833386483704,2019-04-05
"LiGHTInG, inC.",584,189.62241067603634,2020-06-18
meoW PROductiONs,733,180.51501315994346,2019-05-22
"lIGHTiNG, inC.",930,191.6956502136772,2019-08-03
"liGhtinG, inc.",869,211.37235606601726,2019-03-06
"FiRST-aiD GRAphICs, llc",402,203.84470044890998,2019-01-21
"PANDa, LlC",636,198.8782104698244,2020-02-07
"LigHtinG, inc.",472,190.4013300020413,2019-10-22
"liGhtiNg, InC.",583,216.3849740578188,2019-03-24
"First-Aid gRAPHiCs, LLC",835,196.08920069279577,2020-05-06
mEow prodUcTiONs,427,219.25907407063676,2019-03-11
"PaNdA, LLc",624,201.54500424054854,2019-06-27
acme pHARmACeUticALS,611,197.5782334738086,2019-08-31
"panDA, Llc",736,201.18881258573947,2019-11-29
"LIgHTiNg, INC.",748,185.7991852928108,2019-12-16
"PANda, Llc",536,199.57322449711194,2019-05-20
mEOW produCtioNS,249,210.09672625315574,2020-04-27
mEOW PRoDUcTIonS,683,219.0010515694031,2018-11-08
"SAfETY firST, cORP.",311,194.95803586667682,2020-08-22
"LIgHTINg, InC.",439,213.8465778263443,2019-01-31
"LiGhTIng, iNc.",324,210.48213366618316,2018-11-11
"pAnDA, Llc",321,206.26271708418835,2020-06-15
"SafETy FiRsT, cOrP.",500,186.6019782511624,2019-08-22
Acme PHARmACEUticals,944,206.7229665818272,2020-05-17
MEow pROductiOns,784,211.83325251277643,2019-08-13
meoW PRoduCtiONs,933,211.6901217935037,2020-05-18
"LigHTiNg, iNC.",559,192.9949325316016,2020-07-28
mEOW PROdUCTiOns,335,213.70565852851965,2020-06-14
"SAFETY fiRst, cOrp.",501,202.4118055838348,2020-02-01
MeoW pRoduCtIONs,424,185.51013696134433,2020-08-24
"liGhting, InC.",662,193.18828122340125,2020-01-12
