CLIENTname,QuanTitY,PRICE,DATE
"SAFETy firSt, coRp.",467,183.6740073660321,2018-12-14
acMe PHaRMAceuTiCALS,641,190.40846216938928,2020-08-25
"panda, llC",291,197.42409810245002,2020-08-20
MeOw pRODUctiOnS,572,205.63458264427288,2019-05-14
MEoW PRODuctIONS,219,190.9827199524359,2020-06-03
aCmE phArmACeUTICaLS,243,183.1550569727542,2019-12-09
Acme PharmACeuTicAls,538,199.7979513896195,2020-01-14
ACmE pHARMacEUtICALs,141,197.66318974114733,2020-04-14
"LiGHtiNg, INC.",475,219.17734472526473,2018-12-08
"sAFeTy FiRSt, CoRp.",375,210.99304726924265,2019-06-05
"PaNda, llc",671,203.21051870346378,2019-11-28
ACmE PhARMAcEUTicAlS,697,187.16108606092627,2018-11-05
"safEtY fIrSt, COrp.",778,182.89034804637396,2019-07-03
meOW pRODucTIons,408,199.73271694135877,2019-08-22
"SafEty FirSt, cOrP.",247,213.8043856039526,2018-11-14
"LiGHTING, inC.",569,202.11723965542973,2020-02-09
MeOW pROduCtioNs,766,190.22015243254168,2020-01-31
AcmE PhArMAcEuticaLS,945,219.2876222677448,2019-09-08
"PAnDA, LLc",912,208.1491396896433,2019-01-03
"fiRst-AID graPHICS, LLC",928,199.15774186984314,2019-12-24
"liGHTInG, InC.",781,204.08151052359145,2019-02-03
MeOw prODUctionS,890,210.57986252034962,2019-11-21
mEow proDuCTIoNs,944,193.83940154902393,2019-05-03
MeOW pROdUCTIOns,675,183.60061879010522,2019-11-25
ACME PHArMaceUTIcAlS,433,195.08725475926687,2019-07-14
"safETy fiRSt, coRp.",409,192.07283919526566,2019-09-08
"fIRsT-Aid GRAPHIcs, llc",768,212.48322066154577,2020-02-22
"LiGHting, INc.",378,208.95061754426038,2018-11-22
"fIrSt-aid graphics, LLc",458,210.7874052664743,2020-08-17
"PaNdA, llC",975,200.17476648453118,2019-07-03
"lightiNg, Inc.",948,204.34581243931646,2019-04-16
"LIGHTInG, inC.",676,202.134258862436,2019-06-06
"fiRst-AId GraPhIcs, llc",256,182.23390870177576,2019-12-20
"LIgHTIng, iNC.",777,189.7314387105804,2019-04-17
"fIRST-AId gRaPhiCs, llc",528,195.21759555336078,2019-11-15
aCME phaRmaCeUTICALS,535,185.0207563200225,2020-08-22
acme phaRmAceUTiCAls,916,206.55970046612077,2019-03-14
"pAnDA, LLc",920,206.4747166982396,2019-02-02
"pandA, llc",494,181.61847998653184,2019-05-24
"lIGHtInG, Inc.",630,183.24794334984784,2019-07-30
"FIRsT-AiD GRapHiCS, Llc",139,207.3474468775061,2019-05-28
"LigHTInG, iNC.",240,188.12897986977137,2020-02-14
"SAFetY fiRSt, coRp.",723,183.90973705675282,2020-07-20
mEOw ProDUCtiONs,265,187.59400855024646,2019-06-01
MEoW ProdUCtIONs,676,213.99112750340174,2018-12-29
MeOW pRoDuctiOns,727,184.9732372671916,2018-11-12
"FirsT-AID GrapHicS, llC",155,185.62836643930805,2020-01-04
"saFetY FIrst, CoRP.",591,186.54022548539388,2019-10-25
ACMe pHarmacEuTicaLs,756,182.79935900391774,2019-11-04
"LIGhTiNg, INC.",196,196.93786586272088,2019-08-20
Acme PHarmACEUtIcALs,336,215.46083322985692,2019-03-17
mEow pROductiONS,933,218.13029584725746,2019-10-10
"LiGHtINg, INC.",142,181.23088270395945,2019-12-29
"FiRSt-AiD grAphIcS, Llc",523,205.59467720069523,2019-01-24
"fiRST-aID GRAphics, LLc",323,207.11375963728977,2019-09-18
"lIGhTiNG, inc.",794,189.2747926385017,2019-05-22
MEoW PRoDuCtIoNs,854,193.65170935744507,2019-05-18
"LiGHtInG, INC.",861,210.6443772426521,2020-06-28
"pAnDa, lLc",582,191.33021034663787,2020-01-01
"lIGhtiNG, iNc.",484,215.66264420848097,2019-03-30
"PaNDa, llC",329,183.56730261523987,2020-03-27
"firST-AId GRapHiCs, Llc",119,186.68785097791036,2020-06-10
acMe PHArMacEUTICAls,446,209.23171866568902,2019-12-13
"saFEty FIrst, CoRp.",626,214.72181776754667,2019-01-10
ACmE PhArMaceuTIcalS,709,203.8363458043698,2019-01-04
"paNda, lLc",618,196.99548945777894,2019-05-31
"PaNDa, llC",480,213.3988422045185,2019-03-28
acMe pHArMacEUtICalS,234,189.31806253460695,2020-06-14
"sAfETY FirST, corp.",857,203.2510926669896,2020-08-02
"liGHtiNG, InC.",858,201.64388123839498,2019-08-13
MEoW PrODUctiONs,265,203.8168791669712,2019-06-10
"pANDA, lLc",953,190.04455049867505,2019-10-22
"PandA, llc",856,191.86247561500318,2020-02-22
acmE PhaRmACEuTIcaLS,628,188.0273922438331,2019-03-27
"FiRst-AID graphiCS, LlC",222,213.0679580741521,2019-10-18
"SAFetY fIRSt, CoRp.",457,201.00597467188675,2019-02-23
AcME PharmaCeUTICaLS,596,211.8649757970174,2020-06-22
MEoW pROdUcTiOns,874,194.41623092662573,2019-04-09
ACMe phaRmaceutICalS,206,209.2484052639227,2019-09-15
"PANda, lLC",187,216.96257800663483,2019-06-15
"FIrSt-Aid GraPhiCS, LlC",772,197.50052905748083,2018-11-18
aCME pHarMAceUtICAls,610,184.52781808307554,2019-02-09
"fiRST-AID GrAPHIcs, llc",410,208.02388915072893,2020-08-24
"sAFety FIRST, CORP.",134,186.18751396071602,2020-07-09
MeOw ProDuctIONS,310,217.57071664765732,2019-06-07
ACme PHARmaCEuTiCaLS,771,209.45908755318325,2020-05-02
"FiRsT-AID gRapHicS, lLC",967,203.77948548386163,2019-08-02
"pandA, LLC",100,187.0123931263758,2019-12-27
"Panda, LlC",575,191.57060112565702,2020-04-20
"SAFEtY FIrST, corP.",155,208.7168322474623,2019-09-26
"paNdA, Llc",579,182.77745196650446,2019-05-14
meow PRoDUcTiONS,327,190.71828658177714,2019-11-20
meow prOdUctIonS,418,203.62614207076794,2020-04-01
"Safety First, corP.",940,191.83979283610174,2019-06-20
"safETY FIrSt, CoRP.",559,193.3202984621086,2020-04-29
"PanDa, lLc",317,188.66148460554854,2019-07-24
meow PRoDUCtIONS,242,211.43761977981052,2019-02-15
"pANdA, llC",443,210.7400838665006,2019-08-31
meoW prOductIons,364,191.4735502525117,2020-01-13
"fiRsT-aiD GrAPHiCS, lLc",452,219.17914157962127,2019-03-21
Acme PHArMacEuTICals,850,200.25905785570265,2018-11-10
"lIGhtInG, INC.",576,198.81626016618574,2019-09-26
"panDa, LlC",165,195.12837042921228,2019-11-14
"firST-AId GRapHIcS, lLC",523,187.30381001274873,2020-05-05
Acme PhARMaceUTicalS,854,218.3327552057412,2019-06-09
"PaNDA, lLC",565,180.5619684459837,2018-11-09
"PAndA, Llc",675,192.7791457086964,2019-11-18
"LIghTInG, inC.",845,206.54881415660665,2019-05-08
"safeTy firST, COrp.",667,193.85914197482356,2018-12-08
"FIRST-AId GraPhiCs, LLc",628,202.90204759768656,2020-02-27
"saFeTY firST, COrp.",668,211.28191365626648,2019-05-13
aCme pHArmAceUtIcAls,979,183.08270201299553,2020-02-24
"FiRSt-aiD GRaPhIcs, Llc",115,197.254905838574,2019-11-13
"lIGHtIng, InC.",684,190.00094782510106,2020-03-03
"saFety fIrsT, cORP.",695,186.79133169721277,2019-03-09
aCMe PhaRMAceUTiCaLs,978,215.76718476215072,2020-03-20
"First-aID gRaPhIcs, LLC",438,194.9329297997519,2019-06-17
"PaNda, LLC",781,188.54579552486763,2019-12-09
"saFETy FIRSt, CoRp.",377,182.5060517322487,2019-10-20
"liGhtInG, iNC.",528,191.6343561571294,2019-03-24
"SAfEty FIrsT, coRP.",870,217.8609030304633,2020-04-09
"PaNDA, llc",322,193.47023041693873,2020-01-28
"safEty FiRSt, CORP.",947,189.8812902277445,2020-08-23
"FirSt-AiD GrapHiCs, llC",364,204.0612209989109,2018-11-23
mEOw pRoDuCtionS,265,185.811044154284,2019-04-17
"FIRST-aid gRaPHics, lLc",244,181.23922018510288,2019-04-09
aCME PHarmacEUtIcalS,127,185.58973888242596,2020-08-13
"PANDa, LLC",463,217.04062421178955,2020-02-17
"fIrsT-Aid GrAPHicS, lLc",284,208.22966206807257,2020-03-19
"SafeTy fIrST, corP.",928,193.05809099720645,2019-05-27
"lighTINg, inC.",975,198.77456771865582,2019-10-28
"pANDa, llc",935,213.074875324105,2019-01-05
"sAfETy fIrsT, Corp.",413,206.2618865040973,2019-12-09
MEOw pROdUCTIonS,125,212.92577792182846,2020-06-04
AcMe phArmaCEUTIcals,790,186.04876476601385,2019-07-02
MEow ProDUCtiOnS,389,198.33500977822945,2019-01-25
AcME pHarmaCeuticAlS,566,216.68091780935458,2020-03-21
aCMe phaRmaCeuTicAlS,678,199.82064870599876,2019-07-27
"lIgHTINg, inC.",220,215.62170945049257,2019-04-22
"LIghtiNG, INC.",179,196.1748623789316,2019-06-05
"LIgHtiNG, iNc.",124,183.49279281187842,2020-07-19
"panDa, Llc",813,186.05425036832034,2020-02-03
MEOW pRoDUcTIONS,480,192.20606682490572,2019-05-01
"FIrsT-Aid grAPHICS, LLC",641,191.99386744257373,2020-05-05
"lIGHTiNG, inC.",758,180.04644859783855,2020-05-08
"SAFEty FirsT, corp.",579,203.03467415951664,2019-12-13
AcME phARmAceUticaLs,838,190.5348058867944,2019-02-04
"SAfEty fiRSt, cORP.",801,207.5922449366992,2019-10-16
"SAFEty fIRST, cORP.",655,193.39439586952855,2020-02-22
"FiRST-aId GRAphIcs, lLc",987,197.78357519154,2019-03-26
AcMe pHArmaceutiCaLs,768,195.50206839544788,2019-12-18
"fiRsT-AID GRAphiCs, lLc",268,212.78560891007277,2019-08-05
"LIghTiNG, InC.",588,209.56065494597212,2019-12-09
ACME PHarmacEUTicals,446,215.31656985367113,2020-05-04
"PaNDA, llC",112,194.65793395463453,2019-12-06
"fIRst-AiD grAphIcS, llc",147,216.40863565862887,2020-01-30
ACME pharmACeuTicalS,916,184.20020529365138,2020-02-05
"LigHtINg, inC.",953,203.4751416392659,2019-06-03
"sAfeTy FiRsT, cOrp.",256,217.17255007795094,2019-03-12
"saFEtY FiRSt, cOrP.",107,185.20880467824722,2019-06-21
"Safety FIrSt, cOrP.",279,190.46174422642463,2020-04-20
"SafeTY FIrSt, COrP.",208,215.87878086773236,2019-09-01
"fIrSt-aid grAPhICs, llC",493,192.3581125543826,2018-11-27
AcmE pHaRmaCEutiCALS,923,216.61535223555924,2020-04-16
"FIRsT-AID GRAPHICs, lLC",194,201.1681563229977,2018-11-11
"SaFEty fIrST, CORp.",721,200.34382024308007,2018-12-29
aCmE PHArmaCeuticAlS,847,213.5280952716734,2019-03-16
"first-aiD GRAPhICs, llc",147,201.27729380021808,2019-06-10
"PAnDA, lLc",941,200.798627324898,2019-11-29
"fIRSt-AID gRAPHICs, LlC",555,189.5870580856821,2019-07-13
"PaNDa, lLc",172,204.47369607188188,2020-06-21
"FiRst-AID gRaphiCS, Llc",174,218.480066618212,2019-09-19
"SAFetY FiRst, CorP.",752,180.08566673028858,2020-07-09
"firsT-Aid GRAPHIcs, LLC",206,191.4181997334966,2019-09-25
"liGHtinG, INc.",401,183.799152319088,2019-03-28
"LIGHtINg, inc.",951,189.2871816838922,2019-05-11
"LIghTInG, INC.",628,211.34113744415185,2018-11-12
meow PrODuctIoNS,291,190.39784144081176,2018-11-15
mEoW PRODuCTIOnS,262,199.98054818327955,2020-01-17
acMe PHArMACEUTicalS,977,217.96359621577875,2018-11-18
acmE pHARMaCeUTiCals,460,180.02878317815083,2020-04-13
mEOw PrODucTioNS,398,203.4612865604288,2020-08-20
"FirSt-AiD GrAPHicS, LLC",251,218.0962746882984,2020-02-16
"pandA, Llc",816,197.1371111982698,2020-02-29
"FirsT-Aid GraPHIcS, Llc",331,184.3363090629206,2019-03-26
aCmE pharmAceUtiCalS,543,180.25319106086536,2018-11-25
"Panda, LLc",546,199.1974997414641,2019-03-03
ACme PhaRmaCeUticAlS,559,199.2400748676086,2019-03-24
"SAFEty firsT, CoRp.",841,187.2226306458426,2019-08-21
"safEtY fiRSt, CorP.",775,196.29612989860507,2019-02-10
mEOw proDUctionS,550,190.70239545555813,2019-03-16
"FIrst-aId GRaPHICS, LLc",967,200.4671084569568,2020-05-20
"PAnDa, LLc",277,190.8174172283468,2020-01-13
"paNdA, llC",113,202.97031049153725,2020-06-16
"fIRst-AId gRAPHiCs, LLC",157,217.36771081487058,2020-07-06
mEow PrOductIons,914,182.00514072957395,2020-02-04
"fiRSt-AID GRAPhics, LLC",115,207.9195506095233,2019-11-06
AcMe PHArmaCEutiCals,948,195.51322773679445,2019-04-14
MEoW prOdUctioNS,811,192.4371838000871,2020-03-03
"PaNDa, llC",410,210.24700291861015,2019-12-04
"LIgHting, iNc.",669,209.04515439521018,2020-06-04
MEoW pRoDUcTions,397,183.55902406864467,2019-03-30
AcmE PHarmaCEUtIcALs,806,218.50559032624773,2020-01-06
mEow PRoDuCtIOnS,355,200.36335277324966,2019-09-26
"FirST-aid GRAPHiCS, llC",804,206.54205238868428,2020-03-01
acmE pHArmaceUticALS,116,204.463367137435,2020-03-24
MEOW pRodUCTiOnS,490,193.0353584334896,2019-05-26
"fIRst-aID GRaPhiCS, llc",863,190.44386726553645,2020-02-23
"sAfety FIRsT, CoRp.",491,201.56883016593858,2020-02-28
"saFety FiRsT, cOrP.",107,204.25105588937623,2019-05-19
"FIRsT-aID gRapHIcS, LLC",682,206.12662892025148,2020-05-29
"PandA, lLC",981,197.77262634183762,2019-11-28
acMe PhaRmACeuticaLS,741,180.29120003245654,2019-08-02
"pANdA, lLc",121,202.86996027736708,2019-08-10
"PaNDa, LLC",791,195.1422549817389,2020-05-11
"safEtY FiRST, Corp.",162,203.73882892452664,2019-02-23
meoW PRODuCTIONS,662,183.21077320678538,2020-07-25
"safety fIRsT, coRp.",496,209.6156956582283,2018-11-15
acME pharMaCeuTICals,469,196.52990233218165,2019-06-12
"LIGHTinG, iNC.",181,192.05907006702273,2019-08-28
Meow prOdUCtiOnS,765,207.42498046630297,2020-07-16
mEow pRoDuCtIONS,819,214.68242803809235,2020-04-16
"LIGHtiNG, inC.",258,201.97667711128818,2020-05-03
MEoW pRODUctioNS,579,187.08587528921944,2019-12-19
"SafEty fIrsT, corP.",829,217.304344655793,2019-04-05
"ligHTINg, iNc.",440,216.7939870524603,2019-06-01
acMe pHaRmACeUtiCaLS,850,205.1131303712429,2020-01-10
"lIghTING, Inc.",454,200.28530745633506,2020-08-25
"pAnDa, Llc",238,182.04829497898623,2020-04-14
"sAFEtY fIrst, Corp.",967,199.94777914818022,2019-06-08
"pANDa, LLC",872,187.4696667174066,2018-11-27
"fIrsT-aId GraPhICs, llc",948,184.9187510403334,2020-04-27
"FIrSt-AiD GrAPhics, llC",391,204.9968549819324,2020-01-18
ACmE PhARmaCEUticalS,381,200.36418445698936,2018-11-20
"fiRst-AiD grAPhICs, LLC",591,194.74954333396744,2018-11-05
"PanDA, LlC",798,183.47698353703854,2020-07-26
"lIghTing, Inc.",783,183.2727163251235,2019-11-01
"pandA, lLC",142,186.94016730967346,2019-08-09
"SAfEtY FirST, CORP.",707,196.81242810342212,2019-02-04
ACMe pharMACEUTiCaLS,355,190.74401043001617,2019-11-02
meOW prodUctiOns,356,201.8845049533923,2018-12-14
AcmE PhArMaCeUtiCals,737,198.6379807506475,2019-04-23
"PanDa, LlC",748,218.22446475870217,2019-04-15
acMe PhARmacEUTiCAlS,563,214.13145766235863,2020-06-20
"lightING, Inc.",330,207.32628817041973,2019-10-14
"sAFETy FirsT, cORp.",644,208.05320591003596,2019-01-06
AcmE PHArmAceUtiCaLs,654,219.44317888195718,2019-04-06
acMe pHArmAceUtiCalS,141,211.35953413958373,2019-10-02
"LiGhTiNG, InC.",593,187.6445337064177,2019-02-22
"LigHting, iNc.",357,201.5219310878752,2020-06-20
"pANDa, llc",178,219.30984732209484,2019-07-18
"fIrSt-aiD graPHIcs, lLc",392,202.95086436242724,2019-09-08
MeOw PROductioNS,404,182.66104524373674,2020-04-10
"liGhtIng, inC.",115,217.20918500846236,2020-01-28
MeOW proDucTIOns,962,202.5358208143806,2019-05-23
mEoW pRODUctIOnS,412,195.78508508168244,2019-06-01
"SafETy FIrSt, coRP.",359,181.94481824419552,2019-12-09
"safeTY firsT, Corp.",937,205.62554138363188,2019-11-14
acme PhaRMACeutIcALs,459,198.34256747364057,2020-04-17
"FirST-AId GRAphICs, llC",655,197.84929680368666,2020-06-02
"First-Aid GRaphiCS, llC",648,192.30859363671257,2019-06-07
MEOw PROducTiONS,381,217.08246267172717,2019-04-30
"fiRst-Aid GraphICs, lLC",522,210.36579598507583,2019-04-04
AcME pHaRmaceUtICaLS,288,213.58913369748254,2019-03-05
"FiRsT-aID gRAPHicS, lLC",828,210.76183735693982,2020-03-09
"FiRST-AID gRaPHiCs, llC",490,207.9690994540561,2019-05-25
"liGhTINg, INC.",558,215.1124477297251,2020-08-12
"ligHtING, INC.",205,200.963732816057,2020-05-19
"LiGhTINg, INC.",471,208.92595470411283,2019-05-20
MEOW ProDuctioNS,371,192.0664752845466,2019-06-28
acmE PhArmaCEuTicAls,205,210.71500793714532,2019-01-22
AcmE PhArmaCeuTicAls,669,183.6890408657051,2019-02-22
"sAFety First, cOrP.",793,180.27686483801648,2019-05-08
"LIGHtiNG, INC.",358,206.42928360235194,2019-03-21
"fiRst-aID GRAphICS, LlC",475,182.32184850544934,2019-05-05
"PAnda, llc",307,210.81494848646525,2019-05-21
"LIghTiNg, INc.",328,190.81071956146425,2019-05-14
"fiRsT-aiD GRApHicS, LLc",851,194.97188993458406,2018-12-28
"sAfeTy FIRsT, corp.",555,198.95364655694584,2019-11-04
"sAfeTY FIRST, coRP.",862,206.20358411965066,2019-12-29
"saFeTY FirST, CORP.",902,197.6373026845417,2020-08-10
"fIRsT-aId grapHicS, lLc",756,204.75928140007676,2019-09-04
"liGhTiNg, Inc.",355,202.31889036315783,2020-08-05
"LIghtING, INc.",581,217.8867980684784,2019-05-13
"paNda, LlC",727,196.59512929541887,2020-01-20
"safetY first, corp.",522,201.06462798464608,2018-11-29
aCMe phArmacEUtIcaLs,307,218.90641104825795,2019-05-21
"pANdA, LLc",915,213.93043939959182,2018-11-06
"fIRst-aId GRAPHIcS, Llc",987,192.2765973188312,2018-12-15
"LightinG, InC.",990,208.4490743810265,2019-01-12
"safETY FiRSt, CoRP.",388,214.99123930217522,2019-08-07
"pANDa, llc",374,210.59313871403805,2018-11-05
aCMe pharMaCEUtIcALS,848,212.27747994100378,2018-12-22
MEOW pRoduCtIOnS,444,213.8537589081661,2019-05-28
"SafetY FIrSt, CORP.",900,208.6225010596175,2019-06-08
"lIghTinG, iNc.",998,184.95673725813668,2020-02-16
"safEty FIrsT, CORP.",970,217.6529558059042,2019-03-29
"lightIng, iNc.",949,205.28832505752362,2019-07-18
"SAFetY FiRSt, corp.",327,185.35688583237948,2019-07-03
MeOW ProDUCtioNs,553,219.65419393285794,2019-03-04
"LightIng, InC.",581,189.16975227162135,2019-11-24
"SAFeTy fiRst, CoRP.",180,198.47830408318816,2020-04-18
MeOW PRoductioNs,738,180.35450957803712,2020-03-22
"LighTInG, INc.",998,210.18763942100617,2019-02-14
"FIRst-aId graPHiCS, llC",515,186.0184707556852,2019-11-27
"pANDA, LLC",750,219.3706474983005,2019-09-11
meow pRoDUcTioNS,266,206.43219528013728,2020-04-23
"FiRSt-AId gRaPHIcS, llC",472,188.6486317235659,2019-10-20
aCme PHarMaCeUTICaLs,642,186.60447860472976,2019-09-18
"FirST-Aid GRAPhiCS, LLC",174,185.6169433740122,2019-07-21
"first-aID gRaphiCS, llc",441,194.9770727594342,2020-07-17
"fIrST-Aid grapHICs, LLC",203,190.92318872024094,2020-01-22
"FirST-AId grAphiCS, lLC",755,185.958153555884,2020-04-14
"FIRST-AID gRAPhICS, LlC",636,193.59269058511953,2020-06-22
"SAFetY FiRST, coRp.",224,190.21471417822454,2019-12-23
"pAnda, lLc",766,210.3470075659123,2020-02-13
"liGHTing, inC.",822,210.28004901191605,2019-12-19
"FIRSt-aId GrAPhIcS, LLc",561,207.3889837747169,2019-01-28
MEOw pRoduCTiOns,233,197.82153453967044,2019-04-12
"SafETY FirSt, cOrP.",926,211.7453975799871,2020-01-11
ACme phaRMAceUtIcalS,985,214.8854395932458,2019-03-17
"PaNda, lLc",867,181.82190667240474,2020-02-28
"FiRSt-aiD GrapHiCS, LlC",166,219.91721553346957,2019-06-14
"safEtY FIrST, COrp.",793,197.04599138168717,2019-03-24
"SaFETy FiRSt, CorP.",815,202.78092745520877,2019-02-13
"LIgHTING, INC.",255,213.35104893756264,2020-07-08
"lIGhTiNg, Inc.",437,192.2339361198693,2019-08-04
meOW PRodUCtiONs,150,215.49575663406904,2019-10-06
"FIRSt-Aid GRaPHiCs, LlC",661,209.62839373599098,2019-01-19
"FiRSt-aid GrAPHiCS, LLC",794,194.39011811628075,2020-08-12
acME phArmACEuTIcaLs,876,191.8624277203583,2019-12-11
"LigHtInG, iNC.",115,213.8234740217877,2019-06-08
acME pHArmaCEutiCALs,986,198.65382897714215,2018-11-07
"FIRST-aid gRAPhiCS, LlC",932,204.58158660534403,2019-02-27
"ligHTing, inC.",381,208.11790991251843,2018-11-03
"saFeTy fIrsT, CORP.",722,200.83539568379905,2019-04-21
"LiGHTing, INC.",219,214.43317851429865,2019-03-22
"First-AiD gRapHICS, llc",236,188.0532826394682,2020-03-15
"lIgHTing, INc.",111,180.25832214183603,2020-07-03
"LIGHtIng, inc.",401,195.27021935946547,2019-10-12
MEOW PRoDUCtIoNS,149,186.4510729300504,2020-06-15
"SAfeTY fIrSt, coRP.",574,219.1156736068823,2018-11-10
MEoW prODucTionS,527,217.01010014309594,2019-03-05
"SAfeTY first, CORp.",380,212.16258429249604,2020-08-23
"FiRst-aId GRAPHics, lLC",737,212.98812634358083,2020-08-16
"SaFEty FIRST, CorP.",232,209.25744746878598,2019-09-26
mEOw pRODUCtioNs,945,194.52755000362475,2018-12-12
"saFeTy FiRst, COrP.",202,182.4089997344422,2019-05-20
"PAnDA, LLC",973,180.3187286591116,2019-05-21
"safetY FirSt, CORp.",257,193.2762932921709,2020-02-05
AcMe PHARMaceuticALS,875,217.72101323708594,2019-09-26
"FIRst-AiD GrapHIcS, llc",158,203.35631188069326,2019-10-02
AcMe pHaRMaceUtICALS,711,182.35128573011903,2019-01-15
"liGhtING, iNc.",190,182.44003329771036,2018-12-22
"LIgHtiNg, InC.",192,219.11360914256315,2018-12-14
"SaFetY firsT, coRp.",430,188.2040549059965,2019-11-19
"pandA, LLC",433,201.2923952164365,2019-11-03
MEow proDUcTiOns,743,188.66571757906968,2020-04-15
"LIGhTING, InC.",352,196.21832698082355,2020-05-08
ACME phARmaceUTICalS,312,191.65109892880972,2020-02-19
"fiRsT-Aid GrAphIcs, lLc",606,217.2018331063694,2019-03-15
"SAFETY FIRST, corP.",232,183.4955132182204,2018-11-11
"pANDa, LLc",304,208.6957048006502,2020-03-01
"fIrst-aID grApHICs, LlC",499,198.5162237866034,2020-01-24
"LigHTING, iNc.",362,203.1840384727305,2019-04-12
"LIGHtiNg, InC.",966,184.58016410308832,2020-08-03
meoW ProDUctIONS,956,181.95897442639196,2019-02-16
Acme pHArmaceUtICals,947,211.60928304991944,2019-06-21
"FiRsT-AID GraPHIcs, LLC",137,192.7277354783094,2019-05-04
mEow PROdUctIOnS,476,203.40385744822962,2020-02-08
"SAFeTY FIrST, CORP.",565,215.27482877378827,2019-08-20
"LiGHTiNG, InC.",709,187.30188849254066,2020-03-23
AcMe PharmaCEUTicalS,346,207.06678814788765,2019-03-16
mEow prODuctIoNS,441,192.29054431644204,2020-07-19
"SafEty FIRsT, CORP.",426,219.4399083668472,2020-01-02
mEOw pRodUctiONs,193,197.68191375866448,2020-03-16
mEOW proDucTiONS,231,205.27214614211482,2020-07-20
"fIrSt-aiD GraPhiCS, llc",321,206.85564180778132,2018-11-22
Meow prOduCTioNS,393,210.40939754348247,2019-08-29
ACmE PhARmAceuTICalS,571,183.2693589598396,2019-08-30
"firsT-aID grApHIcs, llC",154,216.48986408943944,2019-07-22
acMe phArMaCEuTicalS,302,180.64056394398358,2020-01-02
acME PHaRMaCeUTicAls,708,214.34996837913582,2020-06-07
"panda, LlC",531,212.04043906087236,2020-08-13
"LigHtiNG, InC.",140,213.95534068381372,2019-08-29
mEOW pRoDucTIoNs,254,214.79521953332625,2019-02-19
"fiRsT-AiD GrAphiCs, LlC",948,192.7220670527378,2019-12-12
"pANDa, llC",441,181.8376875026152,2019-02-24
ACMe PharmACEuTicaLs,909,207.9654592055882,2020-04-24
"pAnDA, LLC",374,190.987628757181,2019-07-29
"lIgHtIng, Inc.",276,216.2285408357285,2020-02-18
meOw PRODUCtIONS,622,195.2465361067264,2020-07-08
"saFEty fIrST, cOrP.",231,182.55909063961732,2019-06-28
"LiGhtING, InC.",329,198.97879180638927,2020-07-05
"lIGhTINg, INc.",410,212.8725100501885,2018-12-13
"pAndA, LLc",243,201.09754798924942,2019-02-15
Meow prODuctIONs,603,197.56054355609203,2020-02-15
"Safety fIRST, COrP.",233,183.15180626960063,2019-04-02
"pAndA, LLC",188,203.57006214463394,2019-08-02
meOw PROducTiOns,363,200.8508713816861,2020-02-06
"saFetY fIrsT, CORp.",872,215.66273558194422,2020-04-28
"paNdA, lLC",823,200.1273215068457,2020-03-07
ACme phaRMaCEuticALs,796,181.17209838595588,2019-12-14
"SaFetY FiRSt, coRP.",699,203.1562283096874,2019-08-19
"SAfEtY firST, corP.",148,201.02613889366955,2020-02-09
"pAnDA, llc",770,187.67213510199798,2020-05-30
"FirSt-Aid GraphIcs, LLC",212,188.41565270702162,2018-12-22
"saFEtY FIrST, cOrP.",195,203.86240234411187,2019-03-17
"FIRst-aID GraPHICs, lLc",255,204.57305598097795,2019-09-06
"FiRST-aid graPHIcs, Llc",983,204.27029230055447,2019-02-14
"pANDA, LLc",191,197.93101682670022,2020-06-09
"sAFetY fiRsT, CoRp.",259,194.76906417542796,2020-04-29
"sAFeTY fiRsT, coRP.",398,213.2705870131901,2019-02-03
"FirsT-aiD GRAPhicS, LlC",948,192.82222922702618,2018-11-06
"SaFETY FIrST, CORp.",554,184.17418969659633,2020-08-02
"fIrSt-aID GRAPHicS, llc",649,202.80972822427427,2020-06-25
"SAFEty fiRst, CORP.",585,182.08781681770424,2020-01-04
"panda, llc",713,212.93818875370934,2019-10-28
"saFetY fIRST, cORp.",132,185.8346063205112,2019-06-22
"ligHtIng, iNc.",119,183.84692554730753,2020-02-05
"lIgHTINg, INC.",629,197.02421386903546,2020-07-01
"lIGhTIng, INc.",300,215.9510960909244,2019-09-26
Acme PhArMACeuTiCaLS,159,184.6785987852008,2018-11-19
"LIGhTINg, INc.",458,196.69195296372462,2019-10-26
"PaNDa, LLc",339,213.49135459671584,2019-03-17
"liGHtINg, iNC.",731,184.84683025897678,2019-02-02
"fiRST-aID GRAphicS, Llc",750,199.75100735750607,2019-07-13
"fIrst-aid gRAPhiCS, llc",703,182.54773951933495,2019-01-12
"paNdA, llc",440,190.4404022797578,2018-11-03
mEoW ProDUcTions,260,203.24585619733998,2020-08-04
meOw PROdUCtIonS,138,204.8106898878147,2020-06-01
ACme phARmACeUtIcALs,313,201.2033207022506,2019-12-25
"pANDa, lLC",785,214.71219283624214,2018-12-21
acmE pharmacEUTICAlS,143,182.46515851920498,2020-04-13
"PaNda, Llc",444,194.5692592486613,2020-02-09
"SaFEty FIRSt, CoRp.",811,192.3916349302866,2020-03-07
"FiRsT-AId gRapHIcS, llc",194,215.5885773703609,2019-06-10
"LIGhTiNg, iNC.",157,216.1422098211579,2020-01-25
acMe PharmACeUTiCALs,811,213.35036363723503,2020-04-24
MEOW PRODUcTioNS,613,213.529855905715,2020-02-14
"FiRSt-AiD GraPhIcs, Llc",888,205.3027533910436,2020-07-03
Acme PHArmAcEUTicALS,580,200.44382063795126,2020-02-23
"PanDA, LlC",642,180.82757354477053,2019-05-29
"saFEty FIRST, COrP.",621,187.45187706617997,2019-05-03
"LigHtiNG, iNC.",723,203.82142036859173,2020-01-30
"fIrsT-Aid graPHics, llC",993,182.12399460879155,2019-06-02
"PaNda, llc",489,213.4292754038038,2019-12-09
"FiRSt-aid gRaPhiCs, lLC",149,196.56400309637678,2019-06-13
mEow pRODUcTIOns,476,212.97358124867674,2020-05-11
"SaFETy FiRST, CORP.",880,208.57097141111976,2019-09-17
MeoW ProDuctIOnS,681,184.1062548547951,2019-03-01
mEOw ProdUCTiOns,410,195.79906223505373,2020-07-22
"pANdA, llC",380,209.78231989973426,2020-01-24
"LIGHTiNg, INC.",701,185.14753689890637,2020-07-03
"PAnda, LlC",201,201.01332897205603,2019-12-22
"first-aid gRaPhIcS, LLc",844,193.3772383130892,2020-05-20
aCmE phaRmaceuTIcaLS,514,204.92830227541867,2020-05-19
"LighTInG, iNC.",444,218.11330347486648,2019-09-29
AcmE pHARMacEutIcAls,547,218.06716474229194,2018-11-05
"PanDA, lLC",446,203.89638106241395,2020-02-07
"safEty FiRST, CorP.",759,199.77253196184745,2020-08-02
meoW proDuCTIoNs,319,184.23074410923158,2019-10-21
"saFeTY FIrst, corP.",248,210.47917756485137,2019-04-12
"lIghTiNg, InC.",724,180.1887694393206,2019-12-17
"firST-aid grApHicS, llC",135,214.15131494395874,2019-02-19
"FIRst-Aid GraPhICs, lLC",296,217.92526613943835,2019-09-23
"sAfETy first, cOrp.",857,208.28116511184228,2019-12-24
mEow pROduCtionS,706,201.97533298672678,2019-09-08
"FIrst-aiD GraphiCs, llc",537,199.72088704166663,2018-12-31
"fIrsT-AiD gRaPHIcS, llc",348,215.85801690239978,2019-10-08
ACMe phArMacEUTIcAls,230,208.29638073207659,2019-08-27
"LIGHTInG, InC.",575,208.0177429485028,2019-06-02
"PAnDa, llc",988,216.54803869288858,2019-10-18
"SAFETy fiRsT, cORP.",552,206.59173453925962,2019-11-10
"liGhTing, inc.",525,203.6214949831338,2019-12-20
"FirSt-aiD GraphIcs, llC",694,191.5930220910865,2019-02-02
"saFETy fIRst, cORP.",248,212.5900955479128,2020-08-09
mEow pRodUcTioNS,725,211.8961851938626,2020-01-05
AcmE phArmaCeuTicALS,596,193.00074324990922,2019-06-27
aCME PHaRmACeUtiCaLs,205,211.96460560403904,2019-11-12
"fIRSt-AId grAPHICS, llC",557,188.54181879455442,2019-09-23
AcME PhArMAceUtiCalS,714,212.31799526348485,2019-11-28
"LiGhtIng, iNc.",285,205.7333823986498,2019-07-22
"safETy fiRST, CorP.",630,214.53887595389864,2019-07-25
"SAFETy FiRST, corp.",163,206.37365274078357,2019-03-20
"pANdA, lLC",288,205.61467423811058,2020-03-30
"SAfety FIRsT, COrp.",933,193.2232488870358,2020-02-22
"FirSt-AiD gRAPhicS, Llc",738,180.19991043686926,2020-02-09
"paNda, llc",420,204.2819374351622,2019-04-11
"LighTInG, iNC.",850,215.5308566768633,2019-04-11
"paNDA, llC",916,208.56938333541115,2019-11-03
meoW prOdUcTiOnS,134,190.74553914863168,2020-01-02
"panda, LLC",230,210.0240467217776,2019-07-27
"sAFEty FIRsT, CoRp.",933,202.1398597667635,2019-04-20
"lIghtING, InC.",743,190.19375493276613,2020-01-27
"pANDA, Llc",694,195.38258281889787,2019-10-13
MEow pRoDuCTIons,412,194.23299227342656,2018-11-24
"panDa, Llc",279,188.3195610779632,2020-01-08
MeOW pRodUcTIons,773,216.10005114235256,2020-01-05
"liGHtIng, inC.",636,204.70437807867046,2020-07-06
meoW prODUctioNs,789,190.96179496970166,2019-03-01
MeOw PRoduCTIonS,393,208.008788388842,2019-04-29
"PANDA, LLc",336,217.3607457006878,2020-05-26
AcMe PhArmaCEUticALS,577,193.871390377955,2019-01-30
acmE PHARmAceUTicals,175,189.03244308813333,2020-03-11
"LIgHting, InC.",635,183.93957069946833,2018-12-21
MeoW PRodUcTIONs,948,211.65757778582457,2018-11-06
"sAFetY firsT, CORp.",448,211.73279629964824,2020-08-09
ACmE phArmAceUTICALS,896,213.84149865774714,2019-08-05
"FIrST-aid grAphics, LLC",230,215.52720419670246,2019-06-09
ACMe PhaRMACeuTiCaLs,316,182.23807662084155,2020-05-14
"liGHtINg, Inc.",288,183.214758099457,2019-01-25
"FIrSt-Aid gRaphIcs, llC",831,200.6126782004947,2019-09-25
"liGhting, INc.",862,188.13425142073842,2020-03-09
"PANda, lLC",863,207.19355840997127,2019-06-29
"saFetY First, CORp.",801,180.5272177402564,2020-01-12
"lIGHTiNG, INc.",788,189.61358473862407,2019-12-29
meow ProDuctIOnS,350,182.58659750751087,2019-09-15
"lightInG, iNc.",258,196.99181881777008,2020-05-26
"LighTInG, INc.",537,204.36098134687248,2020-03-08
"FirsT-aiD GRaPHIcs, Llc",961,188.0338891034462,2020-08-12
"LIgHTInG, INc.",153,211.81265252051048,2019-10-02
Acme phARmAcEutICAls,492,203.94714107096752,2020-03-17
MeOw PRODuCtiOnS,123,213.7515843906794,2020-06-12
"LighTing, iNc.",837,207.8710326803759,2019-04-21
"fIrST-Aid GrApHICS, LlC",367,191.22533780130325,2018-12-08
"LiGHtINg, inc.",723,187.7622817180229,2020-03-15
"lightinG, iNc.",410,201.76853070774058,2020-05-27
"fIrST-aid gRaphIcS, lLC",269,210.6926007703671,2019-10-25
"lIGHTING, iNc.",455,187.2774185326646,2019-07-09
meOw PrODuCTiONs,289,192.88734562310555,2020-01-02
mEOW prOdUcTIons,649,219.62017806055132,2019-03-23
mEoW ProdUCtIONs,200,218.4612961067743,2019-04-29
"panDA, LLc",983,195.8256271669506,2019-09-03
meOw prOduCtions,812,215.52943182841966,2018-12-13
MEow ProducTIONS,497,217.65123687698272,2020-05-31
"PandA, lLc",968,186.72261369154174,2019-04-16
aCme pHArMaceuTiCAlS,816,208.69243228525102,2018-11-23
"PandA, lLc",656,213.7770413067894,2019-06-26
"PandA, lLc",275,196.2183487362188,2019-07-17
"lIGHtiNG, INC.",157,209.6347197650514,2019-11-10
"pandA, Llc",456,197.61161487065561,2019-01-26
"SafEty FIrsT, COrP.",843,200.3032168253454,2019-09-25
"FIrsT-AiD graPHICs, llC",192,180.44473061285836,2018-12-15
"SAFETY FiRSt, cORp.",828,193.56582663837722,2019-01-03
"pAnDA, lLc",697,203.25811349490797,2019-04-17
"sAfEtY FiRst, COrP.",791,201.7697803736901,2019-07-15
mEoW PRODUcTIONS,951,198.94422970157552,2020-08-08
Acme PhARmacEuticals,894,193.68157917685937,2019-12-27
"PAnDa, LLC",334,210.59899079438452,2019-11-11
aCme PHaRmAceuTiCALS,719,185.10215269902082,2020-02-19
"FiRST-aId GraphICs, LLc",612,205.51292870947725,2020-06-10
"pAnDA, Llc",231,200.4267704478401,2018-12-13
"sAfetY FirST, CorP.",651,189.0269951049006,2019-09-29
aCmE PHARMAcEUTiCaLs,149,218.47612831248927,2020-03-20
"FirSt-aID grAPHicS, lLc",830,210.29278364474789,2019-03-01
"SAfeTY fIrst, CoRp.",654,191.0365954911902,2019-12-05
"panDA, lLc",275,215.19374137163274,2020-05-17
ACmE phaRMACeutICAlS,100,201.97492945918378,2020-06-02
"pANDA, LlC",408,187.11728511883112,2020-02-17
"liGHTInG, InC.",617,180.97428498802603,2019-03-12
"SAfety FirSt, COrP.",265,218.03638429343337,2019-03-06
aCme PHaRMaCeUtICalS,910,194.83705882728526,2019-02-26
"ligHTIng, INc.",905,196.21434543443476,2020-04-12
"pANDA, LlC",850,186.85208008345035,2019-06-05
"paNDa, llc",516,203.81956533106896,2018-11-15
MEoW prOdUCTIOnS,462,213.15929281468632,2018-12-09
aCmE PHaRmACeuTICAlS,241,206.79640276768257,2020-08-12
"FIrSt-AId GraPhics, lLc",960,188.17485215382965,2020-01-13
"fiRST-aid GraPhics, llC",299,190.52788306717866,2019-12-09
MEoW ProdUcTioNs,940,186.3450982692721,2020-03-07
Meow productIonS,546,217.73817701405147,2019-03-20
MeOW pRoDucTIONs,102,180.28978067346466,2020-07-25
AcmE pHarMAceuTiCaLs,742,189.9669000342119,2019-01-14
"PAnda, LLc",581,216.56183631346985,2019-06-06
"fIrSt-Aid GrAPHicS, lLc",492,202.34826288898094,2020-06-30
"saFeTy First, COrp.",956,187.91086895198987,2019-03-03
aCmE pHarmacEutIcALS,303,201.33832164873735,2019-03-01
meoW pRODuctIonS,619,201.8760292839458,2019-12-01
"FirST-Aid gRaPHiCs, LLC",823,209.47079804247477,2019-06-23
meow PRodUCTionS,746,206.864438116161,2019-12-15
"lightiNg, inC.",251,210.2292725447571,2018-11-18
"FiRST-aID GraphICS, LLC",381,186.05512268017006,2019-01-20
"pandA, LlC",800,216.61317663317357,2020-03-21
"fIrst-aId gRaphIcs, lLC",787,199.9882480612827,2019-10-25
"pAnda, Llc",266,206.60034769906298,2019-08-25
"SaFEtY fIrst, coRp.",283,189.3851626775763,2020-08-13
"LIGHtinG, InC.",793,199.01669926828217,2019-12-20
"panDA, LlC",374,195.51056775537384,2019-02-24
aCme PhaRMacEUTiCAlS,973,181.86828862544294,2019-04-09
"saFEtY fIrST, cOrp.",329,182.3542766060793,2019-08-27
"PandA, Llc",135,196.1307920964465,2018-11-07
"PandA, llC",366,195.01358059208164,2019-06-08
meOW prOdUctIOnS,103,183.54023035295626,2020-01-02
"FIRSt-aID grapHIcs, Llc",961,218.65728778068848,2019-06-25
ACME PharmACEUTicalS,594,201.1404834513674,2020-02-10
"sAfeTy FiRSt, Corp.",814,183.76299261140903,2019-02-22
MEOW PrOdUCTIONs,737,184.47637089014265,2019-01-08
"FirSt-AID gRapHicS, LlC",570,197.15282442274835,2019-02-14
MeOW PrOduCTIONs,680,196.2197816053827,2019-06-19
"First-Aid GRAphIcs, LlC",293,205.30649983967868,2020-06-20
"PAndA, LLC",888,182.26301261708548,2019-03-23
"LiGhTING, inc.",330,190.39209348322277,2020-02-10
"fIRst-Aid GraPHiCs, Llc",701,215.04593488263754,2019-05-05
Acme PhaRMaceutiCaLS,248,200.60379430409128,2019-01-12
"pAnda, LLC",597,205.21030286873577,2019-08-07
"paNda, lLC",335,192.11344970411562,2018-11-12
"PaNdA, Llc",584,204.1569758198334,2019-10-31
"PANDa, lLC",517,180.1948641228583,2019-04-20
mEOw prODuctiOns,489,209.02124675993142,2020-01-21
"lIGhTiNg, inC.",821,214.3732639177106,2019-01-08
"SAFeTY fIrst, CoRP.",194,202.0689850948855,2019-01-12
"PAnDa, Llc",871,203.13203543655146,2019-03-03
"fIrSt-aiD graPHiCS, LLc",725,205.87011178040115,2019-04-03
"LIghtinG, INC.",863,188.6543323908132,2019-03-02
"lIghTINg, iNC.",254,208.54696866713996,2019-03-28
mEOW pRodUCtioNs,703,203.038261139243,2018-12-01
"safeTy fIrST, coRP.",296,216.79711683855345,2018-12-09
"paNDa, LLC",262,195.62521004004856,2019-05-27
mEoW PRODuCTIOns,490,212.5520547594129,2020-02-01
meOw pROduCTIOnS,277,190.83293735630386,2019-09-26
aCMe PHARMacEuTiCals,938,218.75892365886438,2019-03-09
"sAFEty fIrSt, cORP.",226,194.45030811106864,2019-02-08
"safEty fIrst, cOrp.",297,197.95765767514678,2018-11-18
"panDa, lLC",943,219.61753631854822,2019-03-20
"paNDa, Llc",383,204.60176810743405,2019-10-04
"sAFeTY First, CORp.",815,181.12162546456207,2019-11-18
"SAfetY fIrST, cORP.",493,206.11415516520526,2019-11-03
"sAFetY fIrsT, coRp.",316,197.53976985236883,2019-02-25
MEOW proDucTionS,733,195.07345168845745,2020-02-24
"FIrST-aiD GraPHIcs, LlC",217,183.7700728701392,2019-11-02
aCmE pHARMAcEuticals,524,183.86824354385973,2019-09-12
"SaFety fIRsT, cORp.",249,186.03685943599083,2019-10-12
"pANdA, LLC",608,184.08474472453744,2019-10-06
aCme PhArMaCEUticALs,294,187.88622778711957,2020-02-14
"saFety fiRST, CORP.",353,186.14063151857434,2018-11-05
mEOW ProductIonS,267,217.22239303746426,2019-07-17
"SAfEty fIRst, COrp.",593,197.41935848728832,2019-11-27
"ligHTing, Inc.",271,189.0561938496566,2019-04-05
"fIRst-aID GrAphICS, lLC",722,195.28347587955403,2019-02-01
MEOW PrODUCtIOns,331,185.37027146963965,2019-03-05
meOW PRODUCtioNs,499,207.18156826298622,2019-09-15
"paNDa, LlC",926,211.25425578741928,2019-08-24
"liGHtIng, InC.",566,210.86242542659184,2019-11-17
aCME phARmaCEutICAlS,274,203.66794401221415,2020-04-14
"LiGhTiNG, InC.",605,189.56833618647778,2018-12-24
"safetY fIrst, COrp.",741,191.6198685578314,2020-02-20
"SafETY FIRst, CORp.",197,195.79701913588582,2019-10-16
"lighTing, inc.",330,202.72150492555247,2019-10-12
"pAnDa, Llc",984,189.23506966483114,2020-06-11
"paNda, LlC",251,202.78328134796482,2020-06-13
"saFeTY FiRSt, CoRP.",199,205.57566580452539,2018-12-08
"panda, LLC",222,197.51961342687335,2018-11-26
"PaNDa, LLC",282,192.42672432218552,2019-06-10
"SAfEtY first, coRp.",386,192.34206113651967,2020-02-21
"fIrst-aId gRAphiCs, llC",139,195.09280807160158,2019-01-30
"FIRst-Aid GrapHIcs, LLc",179,180.492784880421,2019-12-05
AcMe PHARMACeUtICAlS,147,200.5779289129631,2019-12-18
acmE phaRmACEuTicals,622,201.60691529887436,2019-04-01
"PandA, lLC",446,211.371281485512,2018-11-08
acmE phARMacEuTICaLs,233,194.9333752810711,2019-02-22
"SafETy FIRSt, CorP.",506,212.5972042159346,2019-11-07
aCME PHARMAcEUtiCaLS,166,187.3635455522828,2019-05-08
"liGhtiNG, iNC.",288,201.60214170716011,2020-05-16
"SaFety FiRst, cOrp.",554,206.81687531482407,2019-10-10
"sAfEtY FiRsT, coRP.",662,217.2364005198761,2019-12-28
"SafEty firsT, CORp.",861,212.05122144406732,2020-06-22
Acme pHaRmACEuTicalS,754,192.45421391243644,2020-03-28
"FIrst-AiD gRapHICS, LLC",399,196.42650780405478,2019-10-30
"PanDA, LLc",856,197.4200393456697,2020-04-24
meOw pRoDUctIonS,669,186.0212604269994,2019-07-19
"FIrST-AId GRAPHICs, LlC",611,204.0173392377285,2020-01-08
"LighTInG, INc.",562,181.2511096712048,2019-08-10
Meow productIoNs,970,181.7836343500645,2019-11-29
MEOW PRoduCTiONS,153,197.31320215952127,2019-08-12
"SaFETy fIRSt, corP.",431,181.12359068979,2020-08-10
"PaNDa, llc",469,188.38483825231623,2020-04-08
"LIGhtInG, iNc.",489,195.2199254313466,2020-05-26
acme PHarMaCeUTiCALS,483,214.34479847857676,2019-08-07
"safETY First, cORP.",587,197.2114865775685,2020-06-21
"lIgHtInG, INc.",875,195.40902856728655,2020-01-17
meOW prODuctIOnS,849,191.59080763474057,2019-07-02
"fiRSt-aId GrapHiCS, LLC",267,199.6878395880368,2020-02-10
"LiGhTing, InC.",973,189.18593549445558,2020-06-13
"ligHtiNg, inc.",943,182.4720236166969,2020-02-10
"LIGhtiNg, INC.",261,210.5532101010638,2019-06-10
"FIrSt-AiD GRaPhics, lLC",942,180.315729016704,2020-03-10
"fIrst-AiD GrAPHIcS, llc",352,182.15815239694237,2020-08-12
"PAnDA, llc",387,219.38761766302815,2019-12-04
"FiRst-AID gRaphicS, LLc",244,184.8876405264947,2020-02-24
"sAfetY fIrst, COrP.",655,196.20733001269323,2020-05-27
acmE phARMacEUtiCals,209,218.18027834346117,2019-11-12
"panda, LLc",490,206.82731655123808,2020-07-28
meoW PrOduCtIoNs,968,182.81385217390283,2019-08-26
"LIghTiNG, INC.",527,211.9042474431617,2018-11-25
"sAfetY FIrst, CoRp.",489,219.75428825586613,2020-08-15
Meow pRoDuCtioNs,540,192.25609574624522,2019-07-09
"LigHTing, InC.",779,192.94670396389182,2020-06-10
"sAFeTY fIRst, Corp.",213,211.93802000072466,2019-12-24
AcME phARmAcEuTicaLs,878,189.64127122009057,2019-07-13
acME PhaRmaCEUTICalS,213,199.73481682786428,2019-01-21
"saFEty FIrST, COrP.",469,207.90582288437187,2019-06-26
"firST-aID GRapHiCs, LLc",982,197.25128874420642,2019-01-17
"FiRST-aID GRAPhiCS, Llc",717,199.4632699966048,2020-04-23
meoW PRodUctIOns,172,189.31156560076968,2019-04-10
"safETy fIrSt, cORp.",361,191.11499471089604,2019-01-15
mEOw prOduCtIONS,641,189.24230634167913,2019-01-10
acME phArMACeuTICAlS,681,215.17868433070475,2020-08-11
MeoW PROducTIoNS,383,181.74205136622436,2020-04-09
"panDa, llC",119,204.0799195254641,2020-02-28
"lightiNG, iNC.",638,191.7721985431546,2020-04-04
"fIRST-aid grAphICS, Llc",986,187.0139615430816,2018-12-12
"SAfEty FIrst, corp.",287,199.2631913292896,2020-03-17
"panDA, LLC",364,210.76850108828438,2020-06-26
"SAFETy fIrsT, CORP.",972,195.59350080714026,2019-03-21
"SafetY fIRst, corp.",833,186.9477987769351,2020-05-04
Acme pHArmAcEuTIcAlS,432,203.69842346880085,2020-05-26
"saFeTY firSt, CORp.",693,187.5443313533153,2020-01-08
"PANdA, LLC",811,198.3343814993655,2019-03-05
"firSt-AID gRApHicS, LLc",264,204.92213121299108,2020-06-30
MEOW PrODucTioNS,940,217.83146399278644,2019-05-11
meoW PRoDuctiONs,745,184.68764430357572,2020-07-16
"PANDa, lLC",735,211.28373129182552,2019-06-30
"fIrST-aId GraphIcs, Llc",703,208.33357336226567,2018-11-23
"FIrST-AID GrapHICS, lLC",597,189.26138925067576,2020-01-10
"FIRSt-AId GRAPhiCS, llc",862,199.48305771477172,2020-08-08
acme phaRMAcEuTICals,158,216.40344423508614,2020-02-24
acMe phaRmAceutiCals,957,216.87656112729704,2018-11-09
meOW proDUctIONS,168,216.2968322112933,2019-03-18
"firST-AiD gRAphicS, lLc",954,208.14247018075335,2019-10-23
AcME phArMaCeUtICALS,646,218.8951981156167,2019-07-11
"PaNdA, llC",732,213.90527392783483,2020-06-07
"lighTinG, Inc.",332,185.61198263886914,2019-10-10
acMe phARmaCeUtIcals,951,196.94785150777537,2019-04-23
"liGHTIng, iNc.",809,198.0081298739925,2020-07-26
aCmE pHarmaceUtICals,743,180.35872618898,2020-01-24
"LightiNG, inC.",350,202.4302855929056,2019-09-18
AcME phARmAcEUticals,149,197.01873410780576,2020-05-30
"FiRSt-AId GRaPHiCs, LLc",444,186.37396499145615,2018-12-29
"SafETY fIRst, COrp.",199,189.09345929003493,2018-12-13
"safetY FIrst, corp.",894,202.4886893013405,2019-07-19
"ligHTiNg, InC.",332,211.41384956152757,2019-01-09
meOW PRODucTIoNs,373,200.78205924656308,2020-07-03
MEOw pRoDUCtions,829,191.6255567816963,2019-12-26
"sAfEtY firSt, COrp.",427,214.91035737170606,2020-05-03
"SafEtY FirSt, cORP.",381,180.20215815371424,2020-08-19
meoW ProDUcTIOns,111,185.0614938158987,2018-11-24
"saFety FirsT, cOrp.",635,190.18830458708436,2019-11-04
"pAndA, lLC",245,198.8303628231024,2020-02-15
"lIgHtING, inc.",610,185.91809406583332,2019-03-04
"LIGhTinG, iNc.",674,190.847844372836,2020-04-25
"PandA, llC",195,180.5115475310881,2020-06-07
"FIrSt-aId GRaphIcs, LLc",519,203.54177975953075,2020-01-20
MEow PRoDUcTioNS,796,208.97493821359245,2019-08-28
"sAFEtY FIrSt, CoRp.",262,193.19153924215985,2019-03-27
"sAFetY FIRsT, CoRP.",328,181.83260427865903,2020-08-10
AcMe phaRMAcEutiCAlS,186,204.4708695576312,2020-05-25
acme PHARMACEUTicALS,402,200.472855061895,2019-01-16
ACME PHarmAcEutICalS,700,196.03781415087045,2019-01-23
acmE pHArmAceutICalS,851,186.01885639811707,2020-06-04
"FIRsT-Aid GrAPhics, LLc",639,202.71052010404216,2018-11-02
Acme pharMaceUTIcAls,256,217.87876787272168,2019-12-03
"lIGHting, Inc.",428,182.84616028572015,2019-01-09
MeoW prOductiOns,848,193.43163050358928,2020-05-29
"FirST-AID GRaPHICS, lLc",802,204.11381932655945,2019-05-12
mEOW PROdUctIonS,593,193.12818939697277,2019-08-10
meoW PrODuctIONS,298,182.21950662936572,2019-12-27
"lightINg, Inc.",408,210.90823167432103,2020-03-29
Acme PhARmACeUTIcALS,108,187.26202235164712,2020-05-28
"LigHtinG, INC.",567,205.32677629875192,2019-06-05
"sAfety fIrSt, CoRP.",794,188.3703148689062,2020-04-12
"PanDA, Llc",976,181.62073035224006,2019-01-28
"saFety FirsT, Corp.",367,196.19592923813317,2019-10-25
acME pHARmAcEUtiCaLS,641,215.00859149779038,2019-11-17
"paNDA, llC",417,208.37709688953703,2019-02-08
MEOW ProDUCtiOnS,908,192.78399287117088,2018-11-24
"LIgHtING, inc.",175,194.94740312901163,2019-10-28
ACMe PhaRMaCeUTIcalS,565,201.29426418347956,2019-09-15
"fiRst-aId GRapHICs, LLC",864,195.54105281849965,2020-06-11
AcME PhArmaCeuticalS,874,185.40462683287183,2019-07-23
acME PhARMacEUTICAlS,774,209.03814217920655,2019-08-04
MeOW pRodUCtIOnS,694,198.83158650069382,2019-02-15
"SAfeTY FIrst, COrp.",958,188.89180526811143,2018-12-07
acmE pHaRMACeUtIcALS,229,218.06545030957955,2018-12-07
"lIGHtinG, iNC.",461,218.75797527068275,2020-06-03
"lIGhTing, InC.",210,187.67448289093568,2019-10-06
meoW PrOducTiOnS,171,182.45598947470842,2018-11-14
aCMe PHARMAcEutiCAlS,841,205.331993386929,2018-12-17
"LiGhtINg, inC.",682,210.04803807313613,2020-06-23
"saFetY fIrST, CoRP.",647,187.98216788362683,2019-06-01
"LIghtIng, InC.",670,196.41219524143673,2020-01-17
"lIgHTIng, INc.",439,201.46355946938468,2020-05-07
"pandA, Llc",798,195.6627241491365,2019-10-03
"pAndA, lLC",141,189.32064704050526,2019-01-01
"lIGHTing, INc.",880,199.44112363244102,2019-03-04
"LIGhtiNg, iNC.",122,204.64032262385322,2019-08-12
"LightIng, inC.",522,202.95807581238074,2019-10-27
"LIGHTiNG, INc.",217,211.07608104553321,2020-06-21
"LIGhtING, iNc.",157,202.80596254271805,2019-06-12
Meow proDUCTioNs,330,188.81309564417433,2019-01-28
"FirST-AId gRAPHIcS, lLc",413,219.17687126281027,2019-06-20
AcmE pHaRMaceutICALS,233,182.77767553163218,2019-11-13
"liGHtiNg, INC.",867,205.00816494526913,2020-03-27
"fIrsT-aId gRApHIcS, Llc",616,197.56740480708066,2020-07-15
"saFETy FIrsT, CORP.",335,206.12638703369998,2020-02-28
aCMe pharMACEUTIcALs,770,217.40771217251762,2019-02-22
mEoW PRoDUCTIoNs,536,180.70344834702584,2020-03-31
acme PhARMaCeUTiCalS,469,219.5857505611494,2020-03-28
"FIRsT-Aid gRAPhiCs, lLC",370,194.93367492882146,2020-01-04
"fiRST-aid GRAphics, LlC",667,192.9837537143743,2019-12-02
"sAfEtY FirsT, CORp.",181,195.7418737977912,2019-12-19
"LIghTinG, INc.",673,213.35405129205446,2020-04-21
acme PHARMAcEUtIcALs,965,205.47798836734242,2020-04-17
"FirSt-AID grAphicS, llc",424,215.03598159511122,2019-09-23
"LigHtiNG, Inc.",196,190.6615148230554,2020-06-18
"PanDa, LLC",482,206.65692892910937,2020-07-08
"LIGHTinG, iNc.",394,199.20873476073047,2019-10-06
MEoW PRODuCtIONs,591,212.5246465134631,2019-12-07
"fiRSt-AID gRaphIcS, Llc",728,202.32217479863692,2018-11-15
ACmE phaRMacEUTIcALS,406,183.59810016141108,2020-05-25
"fIRST-aiD graphiCS, llc",937,194.215994889312,2019-09-18
"sAFEty fIrSt, Corp.",130,194.2531480452967,2020-01-27
"panDA, llc",331,214.7978113481929,2020-04-28
"PAndA, llc",609,205.1383845662737,2019-03-21
"SAfeTy firSt, CoRp.",919,184.76864590876383,2020-02-09
"lIghTiNg, INc.",920,196.58056624334168,2019-10-03
"First-aId GRaPHIcs, lLC",405,203.09180405114418,2020-03-26
"liGHtING, inc.",642,193.37105945530817,2018-12-16
"FirSt-aId GraPHICS, LlC",725,181.88252700859303,2018-11-19
"PANda, lLc",653,206.9777981947882,2019-06-20
"pandA, lLc",133,208.64535282220152,2019-05-23
"PAnda, LLc",441,189.86358576764616,2019-09-16
MEOw pRODuCtIONS,697,209.34312251244995,2020-04-12
"LIghtING, inC.",751,190.53867762882874,2019-10-23
Meow prODuctIONS,485,213.9074786916633,2019-02-18
"pAnda, llC",309,181.42904728736298,2019-10-20
"LigHtINg, InC.",853,184.1381236613231,2018-12-30
"saFetY first, cORP.",923,182.39293033788513,2019-04-18
"PaNdA, lLC",221,215.9057451118461,2020-04-07
"sAfETy FIRST, COrp.",503,194.4348800271268,2020-02-26
"FIrst-aID GRaPHiCs, llc",314,180.808562550384,2019-07-10
"Panda, lLC",745,211.52020150866838,2019-12-26
"paNDA, LLC",338,184.55082773385607,2019-12-20
"fiRsT-AID GRAPhIcS, llC",520,217.35492337924734,2018-11-09
mEOw prODuCTiONS,405,217.39567125701024,2020-01-09
"SafETy fiRST, CoRp.",984,195.57108119630124,2019-10-07
mEow prODUcTiOns,417,209.66170750592488,2020-03-02
MEOw produCtiOnS,210,202.5952878101289,2020-01-13
MEoW PrODuctiOnS,355,189.75900190799356,2020-08-10
MEoW prOductIONs,990,210.30353018796086,2019-01-14
"pandA, LLC",863,184.76194379222346,2019-09-15
"LightiNg, iNc.",312,187.62429188777236,2018-12-10
"LIGHTing, INC.",897,187.16299346618948,2020-03-07
"pAndA, llc",112,198.29756297642126,2020-08-22
"fIRsT-aId grAPhics, llC",471,205.77522060561023,2019-08-01
"paNdA, lLC",304,188.82181111591558,2020-01-20
ACMe PharMacEuTIcalS,420,195.84443201030538,2020-06-14
"saFety FirSt, cOrP.",897,183.12250897931546,2019-05-15
aCme pharmACEUtIcaLs,245,217.34533957609298,2019-03-29
meOW PRoDuctions,546,180.8471347729689,2020-07-31
"liGhTinG, inc.",171,186.03016891109834,2020-02-23
ACMe phARmacEuTicALS,180,209.5052173127087,2020-04-15
"lIGhtinG, inC.",569,191.76389354546183,2019-09-28
"SAfETy FIrsT, Corp.",359,185.98496730979033,2018-11-02
"LIghTiNG, INc.",818,182.23694484106457,2020-02-03
"LigHtiNg, iNc.",413,209.50036435180198,2019-06-27
"safeTY FIrSt, coRP.",810,180.8595025345391,2019-06-01
acmE PHArMacEuTICAlS,554,197.49735907931844,2020-07-27
"LigHTinG, Inc.",717,182.9108632638589,2020-05-10
"safety FirsT, corp.",737,215.04838104625134,2019-01-19
"FIRST-Aid gRApHIcs, LLc",320,192.5959062912883,2019-09-06
"SafEty fiRSt, CoRp.",659,199.59044521342304,2020-03-23
"lIGHTing, iNc.",758,219.54242635245427,2020-08-19
"FIrsT-AiD GRAphIcS, LLC",481,216.49817146597508,2019-08-27
aCme PHarmAceUticals,560,180.9389219102278,2020-02-26
"pandA, llc",206,193.5390592581226,2020-02-08
"saFeTY fIRSt, coRp.",639,213.5196980287681,2020-04-21
mEOW prOducTiONS,748,199.97052140725336,2019-02-12
Meow prODUCtIons,761,197.67292415203528,2019-12-06
acme pHarMaCEUTicalS,469,195.53098543946732,2020-02-23
MeoW PRodUCtionS,665,198.35069473233935,2018-12-02
meOw pRoducTIOnS,238,201.8627893075793,2019-06-02
"fIrsT-aiD GrAPhICS, llC",346,187.3333721684555,2018-11-27
"PANDa, LlC",134,192.93174054258378,2020-03-18
"SaFETy fIrst, coRp.",641,196.15766889226438,2020-07-30
Acme pHARmACEUTICALs,980,216.6409228740738,2020-02-27
aCME pHArMAcEuTIcALs,689,203.121410691429,2020-04-30
AcMe PHarmaCeutICals,831,208.02457557647162,2019-01-20
"SafetY FiRST, COrP.",389,201.11149420345592,2019-07-03
acME phArmacEuTiCaLS,170,218.71875684845128,2020-07-27
"sAfeTy fIRsT, corp.",363,205.39547221168,2020-08-15
ACME PHaRmACEUtiCAlS,785,209.32261430077477,2019-11-26
"lIGhting, INc.",563,200.53236355581697,2020-01-04
"fIRSt-aiD GRAphICs, llC",367,196.99887068203577,2020-03-12
"paNda, LLc",629,199.27460919284275,2020-01-08
"SafETy firST, cOrP.",459,194.98940985725352,2019-05-11
"pAnDa, LlC",163,206.94803879434568,2020-01-01
"SaFETy FiRST, cORP.",658,210.21510489970694,2019-08-16
"FIrsT-aid graPHICS, llC",373,183.18605990831148,2020-01-06
"SAFetY fIrst, coRP.",433,217.7563613698327,2020-04-25
"SaFEtY fIRSt, cOrP.",240,207.86503588001966,2020-02-26
"fIRST-AId GraPHICs, lLC",267,201.81548797178831,2020-06-14
MeOw PRoDucTions,128,210.26342095997475,2019-07-09
"firsT-AId GRaphIcs, llC",841,190.52573977196997,2019-03-02
Acme PharMacEUTICaLS,465,210.18136713104718,2018-11-10
"SaFetY FIrst, CoRp.",211,187.84969156842195,2019-12-25
"SAfETy First, cOrp.",898,208.60928704172932,2019-09-08
ACMe pHARmacEUTIcaLs,913,212.52734415879482,2019-12-14
MEOw pRoductiOns,844,193.48495945151717,2020-01-24
"paNdA, llC",475,215.5879149063603,2020-05-30
"SafETy FIRst, corp.",532,218.64922200089754,2018-11-10
aCME PharMaCeuTiCalS,521,215.73290881728138,2019-08-30
"PaNda, llC",768,211.24650051996406,2020-07-13
"pANDa, LLC",190,197.95411254173104,2018-12-25
mEOw pRoDuCTioNS,114,185.4883053234549,2019-03-28
aCMe phArMAcEuticALS,519,190.24688102031956,2020-02-07
"paNDA, LLC",930,209.6793638533598,2019-12-11
"sAfEtY FIRSt, CorP.",118,185.4686935237531,2018-12-25
"LightING, iNC.",176,185.90085964934067,2019-03-08
mEOw PRoDUctiONS,187,190.5446217703755,2019-12-07
"PANDa, llC",601,190.3588416000438,2020-03-18
"SAFeTy first, CORp.",390,180.69764577711146,2019-09-07
"safEtY FirSt, cORp.",154,205.66889363199098,2019-09-26
mEow ProDUCTIONS,798,180.49228750591027,2019-02-22
AcME pHarMaceuTicAlS,836,206.4837640437069,2019-12-20
acME PhArmaCeUtIcaLs,547,219.00944058145564,2019-12-01
"ligHtINg, INc.",573,200.95130076291508,2020-07-13
"ligHTIng, InC.",306,193.8509333828759,2020-04-18
"SAFETy fIRST, coRp.",305,189.85784354411177,2019-12-31
"panDa, LlC",117,190.76872441698163,2019-07-18
"fIrSt-aID GrAPHICS, LLc",473,209.58339900942903,2019-02-21
ACME pHaRMaceUTiCALS,280,214.45688076316532,2020-08-17
meow proDUCtIoNs,238,198.74900333217542,2019-09-21
"pAnDa, llc",763,197.96628884079436,2020-03-31
"pANda, lLC",620,214.2369968331144,2020-07-15
"panda, lLC",232,189.35049783729878,2019-06-08
"PanDa, Llc",879,201.48174280705857,2019-02-08
"FIRsT-aId graphIcS, Llc",654,209.04077471196734,2020-02-19
"fiRsT-aiD gRAPhiCs, LLC",395,215.8434505369625,2019-12-04
"sAFEty fIrsT, coRp.",180,193.7981592835025,2020-06-21
Meow prOductIonS,115,213.30325478437055,2020-07-27
"fIRsT-AiD GRApHIcs, Llc",513,217.41637927258944,2020-03-09
ACmE PHArMACEutiCALs,948,208.56592379272513,2020-07-17
ACmE PhARmACEUTiCals,859,188.829435691846,2020-02-28
"LIghtING, iNC.",990,213.04893665853746,2019-09-04
meow pRoductIOnS,851,204.3048380040932,2020-08-26
mEOW PRodUCTionS,600,188.43352656067503,2018-12-12
"fIRsT-AID GrAphiCs, lLc",718,206.39300176129126,2019-08-29
"liGHTInG, INC.",294,210.3585822521302,2019-09-06
"paNDa, LlC",543,187.51206580184308,2020-01-17
"fiRST-Aid GRapHics, LlC",483,183.5598056633777,2020-06-27
"PanDA, Llc",211,213.61301127599316,2020-08-01
"LigHtInG, inc.",923,189.05580372327955,2020-06-14
acme phaRmaCEutiCalS,807,181.22030894482845,2019-06-18
"paNDa, lLc",584,206.54247514786238,2019-10-06
"SafeTY FirST, cORP.",662,215.46245085700946,2020-08-09
mEoW pROduCtiONs,283,189.6837295468475,2020-05-09
"SAFETy fIRSt, cORp.",790,210.6962138693068,2019-06-02
"FiRsT-AId graPHIcS, Llc",910,207.27113433936734,2018-12-30
acMe PhArmACeUtiCaLS,685,196.800832369638,2019-08-03
MeOw PRoDuCTIONs,140,191.57368434221164,2020-01-22
"PaNDa, lLc",446,215.3959188299894,2019-05-09
meOw proDUCTIOnS,431,189.77498586076663,2019-07-22
"saFETY FIRst, CoRp.",118,202.19001427361678,2020-01-15
"lIgHTING, iNC.",148,199.93967836804455,2020-07-29
"lIghtIng, InC.",402,183.75185884035187,2019-07-10
"ligHTinG, INc.",508,198.29629418094584,2018-12-30
"PAnDa, LLc",593,213.4557887997046,2019-03-24
"pANDA, lLc",134,208.9834315776095,2020-05-22
acmE phaRmACeUTIcaLS,864,181.39710648522941,2020-05-02
acME PHARMaCeUtICALS,700,181.9134537813657,2020-06-15
ACME PhaRMaCEutIcAlS,266,199.67927299524956,2019-07-27
"fIrSt-Aid GraPhICS, LlC",596,202.80456199484098,2019-03-09
"FIrst-aiD grapHiCS, lLC",220,185.02111078083186,2019-12-30
"PANDa, LlC",424,201.87893247974057,2020-02-20
"pAndA, lLC",917,181.49291962229938,2020-05-16
acMe phArMaCEUtIcALs,260,214.9571715791189,2020-06-08
MeoW PRoDUCtionS,454,186.8779865224605,2020-08-12
"sAFety fiRsT, Corp.",866,210.19176388629097,2019-01-19
MeoW PRODuCTIONs,860,215.5286060499906,2019-10-16
"fIRsT-aId GrApHicS, llC",628,196.79332992585475,2020-05-30
"SAFeTy FiRSt, cOrP.",688,210.65451422695804,2020-04-02
AcME phaRmACEuTIcalS,502,193.46632630628994,2019-08-30
mEOw pRoDUCtIONS,138,208.3073655620248,2020-04-14
"Panda, llc",341,187.0375179811571,2020-04-11
"fIrst-Aid GRaPHIcs, LLC",325,185.62942080596818,2019-11-27
"SAfETY fiRST, corp.",920,183.85303663846355,2019-05-14
"fiRST-AiD gRAphicS, lLC",609,182.99543927903073,2019-11-13
"ligHTInG, inc.",518,189.98864341703788,2020-02-25
"PANdA, LLc",243,201.14340078424743,2020-01-06
"ligHTING, INC.",410,212.05443305137464,2020-03-07
"fiRsT-aid GrApHIcS, llc",782,198.23453086122956,2019-08-09
MeOW prODuctionS,760,193.71008897983504,2019-02-12
"LighTING, InC.",132,191.12506502353563,2018-12-17
"FIRsT-AiD graphIcs, Llc",521,201.16219092804909,2019-12-23
acmE PhArmAceUtICaLs,710,191.7028179096108,2019-07-22
"lIgHtInG, INc.",936,193.00364767865028,2019-07-31
"SaFETy fIrST, CoRp.",938,197.3457490287924,2019-02-12
"lIGhtINg, INC.",347,212.51818488589487,2019-08-16
aCME phArmACEuTicalS,993,217.4197712429246,2020-08-17
